entrancia,comarca,serventia,codigo_cnj
FINAL,ANÁPOLIS,1ª Vara Cível,11394
FINAL,ANÁPOLIS,1ª Vara Criminal,11409
FINAL,ANÁPOLIS,1ª Vara de Família e Sucessões,11391
FINAL,ANÁPOLIS,1º CENTRO JUDICIÁRIO DE SOLUÇÃO DE CONFLITOS E CIDADANIA - PROCON,87020
FINAL,ANÁPOLIS,1º Juizado Especial Cível,11424
FINAL,ANÁPOLIS,1º Juizado Especial Criminal,11441
FINAL,ANÁPOLIS,2ª Vara Cível,11399
FINAL,ANÁPOLIS,2ª Vara Criminal,11410
FINAL,ANÁPOLIS,2ª Vara de Família e Sucessões,11392
FINAL,ANÁPOLIS,2º Juizado Especial Cível,11425
FINAL,ANÁPOLIS,3ª Vara Cível,11400
FINAL,ANÁPOLIS,3ª Vara Criminal,11412
FINAL,ANÁPOLIS,3ª Vara de Família e Sucessões,82343
FINAL,ANÁPOLIS,3º CENTRO JUDICIÁRIO DE SOLUÇÃO DE CONFLITOS E CIDADANIA,83752
FINAL,ANÁPOLIS,3º Juizado Especial Cível,11428
FINAL,ANÁPOLIS,4ª Vara Cível,11402
FINAL,ANÁPOLIS,4ª Vara Criminal (Presidência do Tribunal do Juri e execuções penais),13366
FINAL,ANÁPOLIS,4º CEJUSC REGIONAL VIRTUAL DO INTERIOR,88215
FINAL,ANÁPOLIS,4º Juizado Especial Cível,13226
FINAL,ANÁPOLIS,5ª Vara Cível,11406
FINAL,ANÁPOLIS,5ª Vara Criminal,78893
FINAL,ANÁPOLIS,5º CENTRO JUDICIÁRIO DE SOLUÇÃO DE CONFLITOS E CIDADANIA,83754
FINAL,ANÁPOLIS,6ª Vara Cível,13365
FINAL,ANÁPOLIS,Juizado da Infância e da Juventude,11422
FINAL,ANÁPOLIS,Juizado de Violência Doméstica e Familiar Contra a Mulher,79250
FINAL,ANÁPOLIS,Vara da Fazenda Pública Estadual,11389
FINAL,ANÁPOLIS,"Vara da Faz. Púb. Mun.,de Reg. Púb., e Amb.",13364
FINAL,ANÁPOLIS,Vara Regional de Execução Penal,79332
FINAL,APARECIDA DE GOIÂNIA,1ª Vara Cível,11448
FINAL,APARECIDA DE GOIÂNIA,1ª Vara Criminal,11453
FINAL,APARECIDA DE GOIÂNIA,"1ª Vara Criminal dos Crimes Dolosos contra a Vida, Tribunal do Júri e Execuções Penais (privativas de liberdade em regime aberto)",84491
FINAL,APARECIDA DE GOIÂNIA,1ª Vara de Família e Sucessões,11458
FINAL,APARECIDA DE GOIÂNIA,1° Juizado de Violência Doméstica e Familiar contra a Mulher,79270
FINAL,APARECIDA DE GOIÂNIA,1º CEJUSC REGIONAL VIRTUAL DO INTERIOR,87908
FINAL,APARECIDA DE GOIÂNIA,1º Juizado Especial Cível,11467
FINAL,APARECIDA DE GOIÂNIA,1º Juizado Especial Criminal,11468
FINAL,APARECIDA DE GOIÂNIA,2ª Vara Cível,11450
FINAL,APARECIDA DE GOIÂNIA,2ª Vara Criminal,11455
FINAL,APARECIDA DE GOIÂNIA,"2ª Vara Criminal dos Crimes Dolosos contra a Vida, Tribunal do Júri e Execuções Penais (restritivas de direito, alternativas e de multa)",87309
FINAL,APARECIDA DE GOIÂNIA,2ª Vara de Família e Sucessões,13372
FINAL,APARECIDA DE GOIÂNIA,2º Juizado de Violência Doméstica e Familiar contra a Mulher,87310
FINAL,APARECIDA DE GOIÂNIA,2º Juizado Especial Cível,11476
FINAL,APARECIDA DE GOIÂNIA,3ª Vara Cível,13367
FINAL,APARECIDA DE GOIÂNIA,3ª Vara Criminal,13370
FINAL,APARECIDA DE GOIÂNIA,3ª Vara de Família e Sucessões,84185
FINAL,APARECIDA DE GOIÂNIA,3º CENTRO JUDICIÁRIO DE SOLUÇÃO DE CONFLITOS E CIDADANIA,85407
FINAL,APARECIDA DE GOIÂNIA,3º Juizado Especial Cível,79333
FINAL,APARECIDA DE GOIÂNIA,4ª Vara Cível,13368
FINAL,APARECIDA DE GOIÂNIA,4ª Vara Criminal,84492
FINAL,APARECIDA DE GOIÂNIA,5ª Vara Cível,13369
FINAL,APARECIDA DE GOIÂNIA,6ª Vara Cível,87308
FINAL,APARECIDA DE GOIÂNIA,Juizado da Infância e da Juventude,11460
FINAL,APARECIDA DE GOIÂNIA,Vara da Fazenda Pública Estadual,11459
FINAL,APARECIDA DE GOIÂNIA,"Vara da Fazenda Púb. Municipal, de Reg. Púb. e Ambiental",13373
FINAL,GOIÂNIA,10ª Vara Cível,11413
FINAL,GOIÂNIA,10º Juizado Especial Cível,11449
FINAL,GOIÂNIA,11ª Vara Cível,11414
FINAL,GOIÂNIA,11º CENTRO JUDICIÁRIO DE SOLUÇÃO DE CONFLITOS E CIDADANIA,83735
FINAL,GOIÂNIA,11º Juizado Especial Cível,52637
FINAL,GOIÂNIA,12ª Vara Cível,11415
FINAL,GOIÂNIA,12º CENTRO JUDICIÁRIO DE SOLUÇÃO DE CONFLITOS E CIDADANIA,83736
FINAL,GOIÂNIA,13ª Vara Cível e Ambiental,13837
FINAL,GOIÂNIA,13º CENTRO JUDICIÁRIO DE SOLUÇÃO DE CONFLITOS E CIDADANIA,83737
FINAL,GOIÂNIA,14ª Vara Cível e Ambiental,13838
FINAL,GOIÂNIA,14º CENTRO JUDICIÁRIO DE SOLUÇÃO DE CONFLITOS E CIDADANIA,83738
FINAL,GOIÂNIA,15ª Vara Cível e Ambiental,13839
FINAL,GOIÂNIA,15º CENTRO JUDICIÁRIO DE SOLUÇÃO DE CONFLITOS E CIDADANIA,88781
FINAL,GOIÂNIA,16ª Vara Cível e Ambiental,13840
FINAL,GOIÂNIA,17ª Vara Cível e Ambiental,16429
FINAL,GOIÂNIA,18ª Vara Cível e Ambiental,16430
FINAL,GOIÂNIA,19ª Vara Cível e Ambiental,16431
FINAL,GOIÂNIA,1ª Turma Recursal dos Juizados Especiais,79427
FINAL,GOIÂNIA,1ª Vara Cível,11397
FINAL,GOIÂNIA,"1ª Vara Criminal dos crimes contra vítimas hipervulneráveis (Crianças e Adolescentes, Pessoas com Deficiência e Idosos) e crimes de trânsito",84207
FINAL,GOIÂNIA,1ª Vara Criminal dos Crimes Dolosos contra a Vida e Tribunal do Júri,11416
FINAL,GOIÂNIA,1ª Vara Criminal dos crimes punidos com reclusão e detenção,78749
FINAL,GOIÂNIA,1ª Vara da Fazenda Pública Estadual,11381
FINAL,GOIÂNIA,1ª Vara da Faz. Púb. Mun. e de Reg. Púb. - Execução Fiscal,11384
FINAL,GOIÂNIA,1ª Vara das Garantias,88277
FINAL,GOIÂNIA,1ª Vara de Execução Penal,11419
FINAL,GOIÂNIA,1ª Vara de Família,11387
FINAL,GOIÂNIA,1ª Vara de Sucessões,78804
FINAL,GOIÂNIA,"1ª Vara dos Feitos Relativos a Delitos Praticados por Organização Criminosa e de Lavagem ou Ocultação de Bens, Direitos e Valores",81023
FINAL,GOIÂNIA,1° CENTRO JUDICIÁRIO DE SOLUÇÃO DE CONFLITOS E CIDADANIA,83724
FINAL,GOIÂNIA,1º CEJUSC DOS PARCEIROS,90488
FINAL,GOIÂNIA,1º Juizado da Infância e da Juventude das causas cíveis e questões adm. afins,78884
FINAL,GOIÂNIA,1º Juizado de Violência Doméstica e Familiar contra a Mulher,16434
FINAL,GOIÂNIA,1º Juizado Especial Cível,11437
FINAL,GOIÂNIA,1º Juizado Especial Criminal,11452
FINAL,GOIÂNIA,1º Juízo do Núcleo de Justiça 4.0 especializado em matéria de Juizado Especial da Fazenda Pública,84079
FINAL,GOIÂNIA,1º Núcleo de Justiça 4.0,83362
FINAL,GOIÂNIA,20ª Vara Cível,78737
FINAL,GOIÂNIA,21ª Vara Cível,78738
FINAL,GOIÂNIA,22ª Vara Cível,78739
FINAL,GOIÂNIA,23ª Vara Cível,78740
FINAL,GOIÂNIA,24ª Vara Cível e de Arbitragem,78741
FINAL,GOIÂNIA,25ª Vara Cível,78742
FINAL,GOIÂNIA,26ª Vara Cível,78743
FINAL,GOIÂNIA,27ª Vara Cível,78744
FINAL,GOIÂNIA,28ª Vara Cível,78745
FINAL,GOIÂNIA,29ª Vara Cível,78746
FINAL,GOIÂNIA,2ª Turma Recursal dos Juizados Especiais,79426
FINAL,GOIÂNIA,2ª Vara Cível,11398
FINAL,GOIÂNIA,"2ª Vara Criminal dos crimes contra vítimas hipervulneráveis (Crianças e Adolescentes, Pessoas com Deficiência e Idosos) e crimes de trânsito",84208
FINAL,GOIÂNIA,2ª Vara Criminal dos Crimes Dolosos contra a Vida e Tribunal do Júri,11417
FINAL,GOIÂNIA,2ª Vara Criminal dos crimes punidos com reclusão e detenção,78750
FINAL,GOIÂNIA,2ª Vara da Fazenda Pública Estadual,11382
FINAL,GOIÂNIA,2ª Vara da Faz. Púb. Mun. e de Reg. Púb.,11385
FINAL,GOIÂNIA,2ª Vara das Garantias,88278
FINAL,GOIÂNIA,2ª Vara de Execução Penal,52652
FINAL,GOIÂNIA,2ª Vara de Família,11388
FINAL,GOIÂNIA,2ª Vara de Sucessões,81653
FINAL,GOIÂNIA,"2ª Vara dos Feitos Relativos a Delitos Praticados por Organização Criminosa e de Lavagem ou Ocultação de Bens, Direitos e Valores",82495
FINAL,GOIÂNIA,2° CENTRO JUDICIÁRIO DE SOLUÇÃO DE CONFLITOS E CIDADANIA,83725
FINAL,GOIÂNIA,2º CEJUSC DOS PARCEIROS,90489
FINAL,GOIÂNIA,2º Juizado da Infância e da Juventude das causas infracionais questões adm. afins,78885
FINAL,GOIÂNIA,2º Juizado de Violência Doméstica e Familiar contra a Mulher,16435
FINAL,GOIÂNIA,2º Juizado Especial Cível,11438
FINAL,GOIÂNIA,2º Juizado Especial Criminal,11454
FINAL,GOIÂNIA,2º Juízo do Núcleo de Justiça 4.0 especializado em matéria de Juizado Especial da Fazenda Pública,52654
FINAL,GOIÂNIA,2º Núcleo de Justiça 4.0,83363
FINAL,GOIÂNIA,30ª Vara Cível,78747
FINAL,GOIÂNIA,31ª Vara Cível,78748
FINAL,GOIÂNIA,32ª Vara Cível,87302
FINAL,GOIÂNIA,3ª Turma Recursal dos Juizados Especiais,79429
FINAL,GOIÂNIA,3ª Vara Cível,11401
FINAL,GOIÂNIA,3ª Vara Criminal dos Crimes Dolosos contra a Vida e Tribunal do Júri,11418
FINAL,GOIÂNIA,3ª Vara Criminal dos crimes punidos com reclusão e detenção,76689
FINAL,GOIÂNIA,3ª Vara da Fazenda Pública Estadual Execução Fiscal,11386
FINAL,GOIÂNIA,3ª Vara da Faz. Púb. Mun. e de Reg. Púb.,52653
FINAL,GOIÂNIA,3ª Vara de Execução Penal,78754
FINAL,GOIÂNIA,3ª Vara de Família,11390
FINAL,GOIÂNIA,3º CEJUSC DOS PARCEIROS,90490
FINAL,GOIÂNIA,3º Juizado de Violência Doméstica e Familiar contra a Mulher,11451
FINAL,GOIÂNIA,3º Juizado Especial Cível,11439
FINAL,GOIÂNIA,3º Juizado Especial Criminal,87275
FINAL,GOIÂNIA,3º Juízo do Núcleo de Justiça 4.0 especializado em matéria de Juizado Especial da Fazenda Pública,78736
FINAL,GOIÂNIA,4ª Turma Recursal dos Juizados Especiais,79428
FINAL,GOIÂNIA,4ª Vara Cível,11403
FINAL,GOIÂNIA,4ª Vara Criminal dos Crimes Dolosos contra a Vida e Tribunal do Júri,77694
FINAL,GOIÂNIA,4ª Vara Criminal dos crimes punidos com reclusão e detenção,78751
FINAL,GOIÂNIA,4ª Vara da Fazenda Pública Estadual,78732
FINAL,GOIÂNIA,4ª Vara da Faz. Púb. Mun. e de Reg. Púb.,78735
FINAL,GOIÂNIA,4ª Vara de Família,11393
FINAL,GOIÂNIA,4º Juizado de Violência Doméstica e Familiar contra a Mulher,11456
FINAL,GOIÂNIA,4º Juizado Especial Cível,11440
FINAL,GOIÂNIA,4º Juízo do Núcleo de Justiça 4.0 especializado em matéria de Juizado Especial da Fazenda Pública,84070
FINAL,GOIÂNIA,5ª Vara Cível e de Arbitragem,11404
FINAL,GOIÂNIA,5ª Vara Criminal dos crimes punidos com reclusão e detenção,11430
FINAL,GOIÂNIA,5ª Vara da Fazenda Pública Estadual,78733
FINAL,GOIÂNIA,5ª Vara da Fazenda Pública Municipal e de Registros Públicos – Execução Fiscal,87304
FINAL,GOIÂNIA,5ª Vara de Família,11395
FINAL,GOIÂNIA,5° CENTRO JUDICIÁRIO DE SOLUÇÃO DE CONFLITOS E CIDADANIA,83728
FINAL,GOIÂNIA,5º Juizado Especial Cível,11442
FINAL,GOIÂNIA,6ª Vara Cível,11405
FINAL,GOIÂNIA,6ª Vara Criminal dos crimes punidos com reclusão e detenção,85801
FINAL,GOIÂNIA,6ª Vara da Fazenda Pública Estadual,78734
FINAL,GOIÂNIA,6ª Vara de Família,11396
FINAL,GOIÂNIA,6º Juizado Especial Cível,11462
FINAL,GOIÂNIA,7ª Vara Cível,11407
FINAL,GOIÂNIA,7ª Vara Criminal dos crimes punidos com reclusão e detenção,11423
FINAL,GOIÂNIA,7ª Vara da Fazenda Pública Estadual,87285
FINAL,GOIÂNIA,7ª Vara de Família,84209
FINAL,GOIÂNIA,7º CENTRO JUDICIÁRIO DE SOLUÇÃO DE CONFLITOS E CIDADANIA,83730
FINAL,GOIÂNIA,7º Juizado Especial Cível,11444
FINAL,GOIÂNIA,8ª Vara Cível,11408
FINAL,GOIÂNIA,8ª Vara Criminal dos crimes punidos com reclusão e detenção,11426
FINAL,GOIÂNIA,8ª Vara da Fazenda Pública Estadual,89848
FINAL,GOIÂNIA,8ª Vara de Família,87286
FINAL,GOIÂNIA,8º CENTRO JUDICIÁRIO DE SOLUÇÃO DE CONFLITOS E CIDADANIA,83732
FINAL,GOIÂNIA,8º Juizado Especial Cível,11446
FINAL,GOIÂNIA,9ª Vara Cível,11411
FINAL,GOIÂNIA,9ª Vara Criminal dos crimes punidos com reclusão e detenção,78753
FINAL,GOIÂNIA,9º Juizado Especial Cível,11447
FINAL,GOIÂNIA,Auditoria Militar,11435
FINAL,GOIÂNIA,Central Estadual de Conciliação Pré-Processual,88108
FINAL,GOIÂNIA,Gabinete da Central de Cumprimento de Sentença Cível - Juiz 1,89696
FINAL,GOIÂNIA,Gabinete da Central de Cumprimento de Sentença Cível - Juiz 2,89697
FINAL,GOIÂNIA,Gabinete da Central de Cumprimento de Sentença Cível - Juiz 3,89698
FINAL,GOIÂNIA,Núcleo da Justiça 4.0 – Finalizar,88409
FINAL,GOIÂNIA,Núcleo de Justiça 4.0 - Execução Fiscal,86699
FINAL,GOIÂNIA,Vara de Execução de Penas e Medidas Alternativas,11421
FINAL,TRIBUNAL DE JUSTIÇA,GABINETE DE JUIZ SUBSTITUTO EM 2º GRAU DR. ROGERIO CARVALHO PINHEIRO,88722
FINAL,TRIBUNAL DE JUSTIÇA,GABINETE DESA. ALICE TELES DE OLIVEIRA,87395
FINAL,TRIBUNAL DE JUSTIÇA,GABINETE DESA ANA CRISTINA RIBEIRO PETERNELLA FRANÇA,84717
FINAL,TRIBUNAL DE JUSTIÇA,GABINETE DESA BEATRIZ FIGUEIREDO FRANCO,52639
FINAL,TRIBUNAL DE JUSTIÇA,GABINETE DESA CAMILA NINA ERBETTA NASCIMENTO,84690
FINAL,TRIBUNAL DE JUSTIÇA,GABINETE DES. ADEGMAR JOSÉ FERREIRA,87383
FINAL,TRIBUNAL DE JUSTIÇA,GABINETE DESA DORACI LAMAR ROSA DA SILVA ANDRADE,84715
FINAL,TRIBUNAL DE JUSTIÇA,GABINETE DES. ADRIANO ROBERTO LINHARES CAMARGO,87390
FINAL,TRIBUNAL DE JUSTIÇA,GABINETE DESA ELIZABETH MARIA DA SILVA,52646
FINAL,TRIBUNAL DE JUSTIÇA,GABINETE DESA. JULIANA PEREIRA DINIZ PRUDENTE,87386
FINAL,TRIBUNAL DE JUSTIÇA,GABINETE DES. ALAN SEBASTIAO DE SENA CONCEICAO,52642
FINAL,TRIBUNAL DE JUSTIÇA,GABINETE DES. ALEXANDRE BIZZOTTO,88702
FINAL,TRIBUNAL DE JUSTIÇA,GABINETE DES. ALEXANDRE DE MORAIS KAFURI,87408
FINAL,TRIBUNAL DE JUSTIÇA,GABINETE DES. ALGOMIRO CARVALHO NETO,87406
FINAL,TRIBUNAL DE JUSTIÇA,GABINETE DESA LÍLIA MÔNICA DE CASTRO BORGES ESCHER,84688
FINAL,TRIBUNAL DE JUSTIÇA,GABINETE DES. ALTAIR GUERRA DA COSTA,87409
FINAL,TRIBUNAL DE JUSTIÇA,GABINETE DES. ALTAMIRO GARCIA FILHO,87393
FINAL,TRIBUNAL DE JUSTIÇA,GABINETE DESA MARIA DAS GRACAS CARNEIRO REQUI,52612
FINAL,TRIBUNAL DE JUSTIÇA,GABINETE DESA. MÔNICA CÉZAR MORENO SENHORELO,87404
FINAL,TRIBUNAL DE JUSTIÇA,GABINETE DES. ANDERSON MÁXIMO DE HOLANDA,82459
FINAL,TRIBUNAL DE JUSTIÇA,GABINETE DESA NELMA BRANCO FERREIRA PERILO,52593
FINAL,TRIBUNAL DE JUSTIÇA,GABINETE DESA. ROBERTA NASSER LEONE,91364
FINAL,TRIBUNAL DE JUSTIÇA,GABINETE DESA. ROZANA FERNANDES CAMAPUM,88276
FINAL,TRIBUNAL DE JUSTIÇA,GABINETE DESA SANDRA REGINA TEODORO REIS,52634
FINAL,TRIBUNAL DE JUSTIÇA,GABINETE DESA. SIRLEI MARTINS DA COSTA,88591
FINAL,TRIBUNAL DE JUSTIÇA,GABINETE DES. ÁTILA NAVES AMARAL,87401
FINAL,TRIBUNAL DE JUSTIÇA,GABINETE DES. AURELIANO ALBUQUERQUE AMORIM,87387
FINAL,TRIBUNAL DE JUSTIÇA,GABINETE DESA. ZILMENE GOMIDE DA SILVA,90607
FINAL,TRIBUNAL DE JUSTIÇA,GABINETE DES. BRENO BOSS CACHAPUZ CAIADO,87391
FINAL,TRIBUNAL DE JUSTIÇA,GABINETE DES. CARLOS ALBERTO FRANCA,52616
FINAL,TRIBUNAL DE JUSTIÇA,GABINETE DES. CARMECY ROSA MARIA A. DE OLIVEIRA,52629
FINAL,TRIBUNAL DE JUSTIÇA,GABINETE DES. DELINTRO BELO DE ALMEIDA FILHO,79632
FINAL,TRIBUNAL DE JUSTIÇA,GABINETE DES. DONIZETE MARTINS DE OLIVEIRA,87595
FINAL,TRIBUNAL DE JUSTIÇA,GABINETE DES. EDISON MIGUEL DA SILVA JR,17833
FINAL,TRIBUNAL DE JUSTIÇA,GABINETE DES. EDUARDO ABDON MOURA,87397
FINAL,TRIBUNAL DE JUSTIÇA,GABINETE DES. ELISEU JOSÉ TAVEIRA VIEIRA,84727
FINAL,TRIBUNAL DE JUSTIÇA,GABINETE DES. FABIANO ABEL DE ARAGÃO FERNANDES,84718
FINAL,TRIBUNAL DE JUSTIÇA,GABINETE DES. FABIO CRISTOVAO DE CAMPOS FARIA,83227
FINAL,TRIBUNAL DE JUSTIÇA,GABINETE DES. FERNANDO BRAGA VIGGIANO,87403
FINAL,TRIBUNAL DE JUSTIÇA,GABINETE DES. FERNANDO DE CASTRO MESQUITA,82978
FINAL,TRIBUNAL DE JUSTIÇA,GABINETE DES. FERNANDO DE MELLO XAVIER,87407
FINAL,TRIBUNAL DE JUSTIÇA,GABINETE DES. FERNANDO RIBEIRO MONTEFUSCO,88733
FINAL,TRIBUNAL DE JUSTIÇA,GABINETE DES. GERSON SANTANA CINTRA,52641
FINAL,TRIBUNAL DE JUSTIÇA,GABINETE DES. GILBERTO MARQUES FILHO,52628
FINAL,TRIBUNAL DE JUSTIÇA,GABINETE DES. GUILHERME GUTEMBERG ISAC PINTO,79636
FINAL,TRIBUNAL DE JUSTIÇA,GABINETE DES. HEBER CARLOS DE OLIVEIRA,87781
FINAL,TRIBUNAL DE JUSTIÇA,GABINETE DES. ITAMAR DE LIMA,52618
FINAL,TRIBUNAL DE JUSTIÇA,GABINETE DES. ITANEY FRANCISCO CAMPOS,52633
FINAL,TRIBUNAL DE JUSTIÇA,GABINETE DES. IVO FAVARO,18079
FINAL,TRIBUNAL DE JUSTIÇA,GABINETE DES. JEOVA SARDINHA DE MORAES,52590
FINAL,TRIBUNAL DE JUSTIÇA,GABINETE DES. JERONYMO PEDRO VILLAS BOAS,52592
FINAL,TRIBUNAL DE JUSTIÇA,GABINETE DES. JOSÉ CARLOS DUARTE,87389
FINAL,TRIBUNAL DE JUSTIÇA,GABINETE DES. JOSÉ PAGANUCCI JÚNIOR,13921
FINAL,TRIBUNAL DE JUSTIÇA,GABINETE DES. JOSÉ PROTO DE OLIVEIRA,87384
FINAL,TRIBUNAL DE JUSTIÇA,GABINETE DES. JOSÉ RICARDO MARCOS MACHADO,87400
FINAL,TRIBUNAL DE JUSTIÇA,GABINETE DES. KISLEU DIAS MACIEL FILHO,52644
FINAL,TRIBUNAL DE JUSTIÇA,GABINETE DES. LUIZ CLAUDIO VEIGA BRAGA,52632
FINAL,TRIBUNAL DE JUSTIÇA,GABINETE DES. LUIZ EDUARDO DE SOUSA,52615
FINAL,TRIBUNAL DE JUSTIÇA,GABINETE DES. MAURÍCIO PORFÍRIO ROSA,82623
FINAL,TRIBUNAL DE JUSTIÇA,GABINETE DES. MURILO VIEIRA DE FARIA,91365
FINAL,TRIBUNAL DE JUSTIÇA,GABINETE DES. OSCAR DE OLIVEIRA SÁ NETO,89736
FINAL,TRIBUNAL DE JUSTIÇA,GABINETE DES. PAULO CÉSAR ALVES DAS NEVES,87394
FINAL,TRIBUNAL DE JUSTIÇA,GABINETE DES. REINALDO ALVES FERREIRA,52640
FINAL,TRIBUNAL DE JUSTIÇA,GABINETE DES. ROBERTO HORACIO REZENDE,84689
FINAL,TRIBUNAL DE JUSTIÇA,GABINETE DES. RODRIGO DE SILVEIRA,87392
FINAL,TRIBUNAL DE JUSTIÇA,GABINETE DES. RONNIE PAES SANDRE,87402
FINAL,TRIBUNAL DE JUSTIÇA,GABINETE DES. SEBASTIAO LUIZ FLEURY,84714
FINAL,TRIBUNAL DE JUSTIÇA,GABINETE DES. SERGIO MENDONÇA DE ARAÚJO,84716
FINAL,TRIBUNAL DE JUSTIÇA,GABINETE DES. SILVÂNIO DIVINO DE ALVARENGA,85789
FINAL,TRIBUNAL DE JUSTIÇA,GABINETE DES. SIVAL GUERRA PIRES,87388
FINAL,TRIBUNAL DE JUSTIÇA,GABINETE DES. VICENTE LOPES DA ROCHA JÚNIOR,84728
FINAL,TRIBUNAL DE JUSTIÇA,GABINETE DES. WILD AFONSO OGAWA,87405
FINAL,TRIBUNAL DE JUSTIÇA,GABINETE DES. WILLIAM COSTA MELLO,87410
FINAL,TRIBUNAL DE JUSTIÇA,GABINETE DES. WILSON DA SILVA DIAS,87399
FINAL,TRIBUNAL DE JUSTIÇA,GABINETE DES. WILSON SAFATLE FAIAD,82979
FINAL,TRIBUNAL DE JUSTIÇA,GABINETE DES. WILTON MÜLLER SALOMÃO,87385
FINAL,TRIBUNAL DE JUSTIÇA,Núcleo de Justiça 4.0 em Segundo Grau - Executivo Fiscal Municipal,90404
FINAL,TRIBUNAL DE JUSTIÇA,PRESIDÊNCIA DO TRIBUNAL DE JUSTIÇA,87840
FINAL,TRIBUNAL DE JUSTIÇA,VICE-PRESIDÊNCIA DO TRIBUNAL DE JUSTIÇA,87841
INICIAL,ABADIÂNIA,Vara Judicial,11501
INICIAL,ALEXÂNIA,Vara Judicial,11532
INICIAL,ALTO PARAÍSO DE GOIÁS,Vara Judicial,11546
INICIAL,ALVORADA DO NORTE,Vara Judicial,11551
INICIAL,ARAÇU,Vara Judicial,11555
INICIAL,ARUANÃ,Vara Judicial,13173
INICIAL,AURILÂNDIA,Vara Judicial,11589
INICIAL,BARRO ALTO,Vara Judicial,12713
INICIAL,BELA VISTA DE GOIÁS,Vara Judicial,11593
INICIAL,BURITI ALEGRE,Vara Judicial,11595
INICIAL,CACHOEIRA ALTA,Vara Judicial,11597
INICIAL,CAÇU,Vara Judicial,11602
INICIAL,CAMPINORTE,Vara Judicial,11610
INICIAL,COCALZINHO DE GOIÁS,Vara Judicial,13558
INICIAL,CORUMBÁ DE GOIÁS,Vara Judicial,11621
INICIAL,CORUMBAÍBA,Vara Judicial,11623
INICIAL,EDÉIA,Vara Judicial,11632
INICIAL,ESTRELA DO NORTE,Vara Judicial,12842
INICIAL,FAZENDA NOVA,Vara Judicial,11636
INICIAL,FIRMINÓPOLIS,Vara Judicial,11637
INICIAL,FLORES DE GOIÁS,Vara Judicial,13804
INICIAL,FORMOSO,Vara Judicial,12964
INICIAL,GOIANÁPOLIS,Vara Judicial,11639
INICIAL,GOIANDIRA,Vara Judicial,11640
INICIAL,IACIARA,Vara Judicial,11645
INICIAL,ITAJÁ,Vara Judicial,11507
INICIAL,ITAPACI,Vara Judicial,11508
INICIAL,ITAPIRAPUÃ,Vara Judicial,11511
INICIAL,ITAUÇU,Vara Judicial,11523
INICIAL,JANDAIA,3º CEJUSC REGIONAL VIRTUAL DO INTERIOR,87910
INICIAL,JANDAIA,Vara Judicial,11521
INICIAL,JOVIÂNIA,Vara Judicial,11553
INICIAL,LEOPOLDO DE BULHÕES,Vara Judicial,11556
INICIAL,MARA ROSA,Vara Judicial,17261
INICIAL,MAURILÂNDIA,Vara Judicial,17262
INICIAL,MONTES CLAROS DE GOIÁS,Vara Judicial,11559
INICIAL,MONTIVIDIU,Vara Judicial,13737
INICIAL,MOSSÂMEDES,Vara Judicial,11431
INICIAL,NAZÁRIO,Vara Judicial,11566
INICIAL,NOVA CRIXÁS,Vara Judicial,13175
INICIAL,ORIZONA,Vara Judicial,11579
INICIAL,PARANAIGUARA,Vara Judicial,11583
INICIAL,PARAÚNA,Vara Judicial,11585
INICIAL,PETROLINA DE GOIÁS,Vara Judicial,11586
INICIAL,PIRANHAS,Vara Judicial,11598
INICIAL,PONTALINA,Vara Judicial,11612
INICIAL,RIALMA,Vara Judicial,11615
INICIAL,SANCLERLÂNDIA,Vara Judicial,11620
INICIAL,SANTA CRUZ DE GOIÁS,Vara Judicial,11625
INICIAL,SANTA TEREZINHA DE GOIÁS,Vara Judicial,11626
INICIAL,SÃO DOMINGOS,Vara Judicial,11629
INICIAL,SÃO SIMÃO,Vara Judicial,12803
INICIAL,SERRANÓPOLIS,Vara Judicial,13690
INICIAL,SILVÂNIA,Vara Judicial,11596
INICIAL,TAQUARAL DE GOIÁS,Vara Judicial,11445
INICIAL,TURVÂNIA,Vara Judicial,11599
INICIAL,URUANA,Vara Judicial,11601
INICIAL,VARJÃO,Vara Judicial,11611
INICIAL,VIANÓPOLIS,Vara Judicial,11614
INTERMEDIÁRIA,ACREÚNA,"1ª Vara Judicial (Família e Sucessões, Infância e Juventude, Cível e Juizado Especial Cível)",81436
INTERMEDIÁRIA,ACREÚNA,"2ª Vara Judicial (Fazendas Públicas, Criminal, Execução Penal e Juizado Criminal)",81437
INTERMEDIÁRIA,ÁGUAS LINDAS DE GOIÁS,"1ª Vara Cível, Família e Sucessões e da Infância e da Juventude",87915
INTERMEDIÁRIA,ÁGUAS LINDAS DE GOIÁS,"1ª Vara Criminal (crimes dolosos contra a vida, Pres. Trib. Juri e execuções penais)",14595
INTERMEDIÁRIA,ÁGUAS LINDAS DE GOIÁS,"1ª Vara de Fazendas Públicas, Registros Públicos e Ambiental",73091
INTERMEDIÁRIA,ÁGUAS LINDAS DE GOIÁS,"2ª Vara Cível, Família e Sucessões",11529
INTERMEDIÁRIA,ÁGUAS LINDAS DE GOIÁS,2ª Vara Criminal (crimes em geral),14596
INTERMEDIÁRIA,ÁGUAS LINDAS DE GOIÁS,"2ª Vara de Fazendas Públicas, Registros Públicos e Ambiental",87318
INTERMEDIÁRIA,ÁGUAS LINDAS DE GOIÁS,3ª Vara Criminal (crimes em geral),79331
INTERMEDIÁRIA,ÁGUAS LINDAS DE GOIÁS,Juizado de Violência Doméstica e Familiar contra a Mulher,87319
INTERMEDIÁRIA,ÁGUAS LINDAS DE GOIÁS,Juizado Especial Cível e Criminal,11531
INTERMEDIÁRIA,ANICUNS,"1ª Vara Judicial (Família e Sucessões, Infância e Juventude, Cível e Juizado Especial Cível)",81438
INTERMEDIÁRIA,ANICUNS,"2ª Vara Judicial (Fazendas Públicas, Criminal, Execução Penal e Juizado Criminal)",81439
INTERMEDIÁRIA,ANICUNS,CENTRO JUDICIÁRIO DE SOLUÇÃO DE CONFLITOS E CIDADANIA,83739
INTERMEDIÁRIA,ARAGARÇAS,"1ª Vara Judicial (Família e Sucessões, Infância e Juventude, Cível e Juizado Especial Cível)",81440
INTERMEDIÁRIA,ARAGARÇAS,"2ª Vara Judicial (Fazendas Públicas, Criminal, Execução Penal e Juizado Criminal)",81441
INTERMEDIÁRIA,BOM JESUS DE GOIÁS,"1ª Vara Judicial (Família e Sucessões, Infância e Juventude, Cível e Juizado Especial Cível)",81442
INTERMEDIÁRIA,BOM JESUS DE GOIÁS,"2ª Vara Judicial (Fazendas Públicas, Criminal, Execução Penal e Juizado Criminal)",81443
INTERMEDIÁRIA,CAIAPÔNIA,"1ª Vara Judicial (Família e Sucessões, Infância e Juventude, Cível e Juizado Especial Cível)",81444
INTERMEDIÁRIA,CAIAPÔNIA,"2ª Vara Judicial (Fazendas Públicas, Criminal, Execução Penal e Juizado Criminal)",81445
INTERMEDIÁRIA,CALDAS NOVAS,12º CEJUSC REGIONAL VIRTUAL DO INTERIOR,88732
INTERMEDIÁRIA,CALDAS NOVAS,1ª Vara (Cível e da Inf. e da Juv.),11477
INTERMEDIÁRIA,CALDAS NOVAS,"1ª Vara Criminal (crimes dolosos contra a vida, Pres. Trib Juri e Execução Penal)",13590
INTERMEDIÁRIA,CALDAS NOVAS,1º Juizado Especial Cível e Criminal,11483
INTERMEDIÁRIA,CALDAS NOVAS,"2ª Vara (Cível, Faz Públicas Estadual e Residual e Registros Públicos)",11481
INTERMEDIÁRIA,CALDAS NOVAS,2ª Vara Criminal (crimes em geral),79336
INTERMEDIÁRIA,CALDAS NOVAS,2º CENTRO JUDICIÁRIO DE SOLUÇÃO DE CONFLITOS E CIDADANIA,83796
INTERMEDIÁRIA,CALDAS NOVAS,2º Juizado Especial Cível e Criminal,87314
INTERMEDIÁRIA,CALDAS NOVAS,"3ª Vara (Cível, Fazenda Pública Municipal e Ambiental)",79335
INTERMEDIÁRIA,CALDAS NOVAS,3ª Vara Criminal (crimes em geral),79337
INTERMEDIÁRIA,CALDAS NOVAS,3º CENTRO JUDICIÁRIO DE SOLUÇÃO DE CONFLITOS E CIDADANIA,83797
INTERMEDIÁRIA,CALDAS NOVAS,4º CENTRO JUDICIÁRIO DE SOLUÇÃO DE CONFLITOS E CIDADANIA,83798
INTERMEDIÁRIA,CALDAS NOVAS,Vara de Família e Sucessões,13589
INTERMEDIÁRIA,CAMPOS BELOS,"1ª Vara Judicial (Família e Sucessões, Infância e Juventude, Cível e Juizado Especial Cível)",81446
INTERMEDIÁRIA,CAMPOS BELOS,"2ª Vara Judicial (Fazendas Públicas, Criminal, Execução Penal e Juizado Criminal)",81447
INTERMEDIÁRIA,CATALÃO,13º CEJUSC REGIONAL VIRTUAL DO INTERIOR,89659
INTERMEDIÁRIA,CATALÃO,1ª Vara Cível,86175
INTERMEDIÁRIA,CATALÃO,1ª Vara Criminal (crimes em geral e execuções penais),83858
INTERMEDIÁRIA,CATALÃO,1ª Vara de Família e Sucessões,82287
INTERMEDIÁRIA,CATALÃO,1º Juizado Especial Cível e Criminal,11492
INTERMEDIÁRIA,CATALÃO,2ª Vara Cível,86176
INTERMEDIÁRIA,CATALÃO,"2ª Vara Criminal (Crimes em geral, Crimes dolosos contra a vida e Presidência do Tribunal do Júri e Crimes envolvendo Violência Doméstica)",83859
INTERMEDIÁRIA,CATALÃO,2ª Vara de Família e da Infância e da Juventude,87321
INTERMEDIÁRIA,CATALÃO,2º Juizado Especial Cível e Criminal,13724
INTERMEDIÁRIA,CATALÃO,Vara de Fazendas Públicas e Registros Públicos,86177
INTERMEDIÁRIA,CAVALCANTE,Vara Judicial,11616
INTERMEDIÁRIA,CERES,"1ª Vara (Cív., Criminal - crime em geral e exec. penais - e da Inf. e da Juv.)",11496
INTERMEDIÁRIA,CERES,"2ªVara (Cív, Criminal - crime em geral, crimes dolosos contra a vida e Pres. do Trib. do Juri das Faz. Púb. e de Reg. Púb.)",11500
INTERMEDIÁRIA,CERES,CENTRO JUDICIÁRIO DE SOLUÇÃO DE CONFLITOS E CIDADANIA,83809
INTERMEDIÁRIA,CERES,Juizado Especial Cível e Criminal,13828
INTERMEDIÁRIA,CIDADE OCIDENTAL,"1ª Vara (Cível, de Família, Sucessões e da Infância e da Juventude)",13161
INTERMEDIÁRIA,CIDADE OCIDENTAL,1º CENTRO JUDICIÁRIO DE SOLUÇÃO DE CONFLITOS E CIDADANIA,83781
INTERMEDIÁRIA,CIDADE OCIDENTAL,"2ª Vara (Cível, das Fazendas Públicas, de Registros Públicos e Ambiental)",13300
INTERMEDIÁRIA,CIDADE OCIDENTAL,3º CENTRO JUDICIÁRIO DE SOLUÇÃO DE CONFLITOS E CIDADANIA,83783
INTERMEDIÁRIA,CIDADE OCIDENTAL,9º CEJUSC REGIONAL VIRTUAL DO INTERIOR,88294
INTERMEDIÁRIA,CIDADE OCIDENTAL,Juizado Especial Cível e Criminal,11619
INTERMEDIÁRIA,CIDADE OCIDENTAL,Vara Criminal,14597
INTERMEDIÁRIA,CRISTALINA,"1ª Vara (Cível, de Família, Sucessões e da Infância e da Juventude)",11502
INTERMEDIÁRIA,CRISTALINA,"2ª Vara (Cível, das Fazendas Públicas, de Registros Públicos e Ambiental)",11503
INTERMEDIÁRIA,CRISTALINA,Vara Criminal,14599
INTERMEDIÁRIA,CRIXÁS,Vara Judicial,73178
INTERMEDIÁRIA,FORMOSA,1ª Vara (Cível e da Inf. e da Juv.),11512
INTERMEDIÁRIA,FORMOSA,"1ª Vara Criminal (crimes dolosos contra a vida, Pres. Trib. Juri e execuções penais)",11524
INTERMEDIÁRIA,FORMOSA,2ª Vara Cível e Família e Sucessões,11515
INTERMEDIÁRIA,FORMOSA,2ª Vara Criminal (crimes em geral e Violência Doméstica e Familiar contra a Mulher),13171
INTERMEDIÁRIA,FORMOSA,3ª Vara Cível e Família e Sucessões,79340
INTERMEDIÁRIA,FORMOSA,3ª Vara Criminal (crimes em geral e Violência Doméstica e Familiar contra a Mulher),79341
INTERMEDIÁRIA,FORMOSA,8º CEJUSC REGIONAL VIRTUAL DO INTERIOR,88293
INTERMEDIÁRIA,FORMOSA,Juizado Especial Cível e Criminal,11518
INTERMEDIÁRIA,FORMOSA,"Vara de Fazendas Públicas, Registros Públicos e Ambiental",83860
INTERMEDIÁRIA,FORMOSA,Vara Regional de Execução Penal,79342
INTERMEDIÁRIA,GOIANÉSIA,"1ª Vara (Cível, de Família, Sucessões e da Infância e da Juventude)",11528
INTERMEDIÁRIA,GOIANÉSIA,1ª Vara Criminal (crimes em geral e execuções penais),84077
INTERMEDIÁRIA,GOIANÉSIA,"2ª Vara Cível, Ambiental e Família e Sucessões",79343
INTERMEDIÁRIA,GOIANÉSIA,"2ª Vara Criminal (Crimes em geral, Crimes dolosos contra a vida e Presidência do Tribunal do Júri e Crimes envolvendo Violência Doméstica)",83930
INTERMEDIÁRIA,GOIANÉSIA,CENTRO JUDICIÁRIO DE SOLUÇÃO DE CONFLITOS E CIDADANIA,83810
INTERMEDIÁRIA,GOIANÉSIA,Juizado Especial Cível e Criminal,13799
INTERMEDIÁRIA,GOIANÉSIA,Vara das Fazendas Públicas e Registros Públicos,11530
INTERMEDIÁRIA,GOIANIRA,Juizado Especial Cível e Criminal,13834
INTERMEDIÁRIA,GOIANIRA,Vara Cível,88358
INTERMEDIÁRIA,GOIANIRA,Vara Criminal,87323
INTERMEDIÁRIA,GOIANIRA,"Vara Família e Sucessões, da Infância e da Juventude, Fazendas Públicas e de Registros Públicos",88359
INTERMEDIÁRIA,GOIÁS,11º CEJUSC REGIONAL VIRTUAL DO INTERIOR,88731
INTERMEDIÁRIA,GOIÁS,"Vara Cível, Infância e Juventude e Juizado Especial Cível",11533
INTERMEDIÁRIA,GOIÁS,"Vara Criminal (crime em geral, crimes dolosos contra a vida e Pres. do Trib. do Júri, Execução Penal e Juizado Especial Criminal)",11535
INTERMEDIÁRIA,GOIÁS,Vara das Fazendas Públicas e Registro Público e de Família e Sucessões,11534
INTERMEDIÁRIA,GOIATUBA,"1ª Vara (Cível, Criminal - crime em geral e exec. penais - e da Inf. e da Juv.)",52647
INTERMEDIÁRIA,GOIATUBA,"2ª Vara (Cív, Criminal crime em geral, crimes dolosos contra a vida e Pres. do Trib. do Juri, das Faz.Púb.e de Reg.Pub)",11538
INTERMEDIÁRIA,GOIATUBA,Juizado Especial Cível e Criminal,11540
INTERMEDIÁRIA,GUAPÓ,"1ª Vara Judicial (Família e Sucessões, Infância e Juventude, Cível e Juizado Especial Cível)",81448
INTERMEDIÁRIA,GUAPÓ,"2ª Vara Judicial (Fazendas Públicas, Criminal, Execução Penal e Juizado Criminal)",81449
INTERMEDIÁRIA,HIDROLÂNDIA,"1ª Vara Judicial (Família e Sucessões, Infância e Juventude, Cível e Juizado Especial Cível)",12715
INTERMEDIÁRIA,HIDROLÂNDIA,"2ª Vara Judicial (Fazendas Públicas, Criminal, Execução Penal e Juizado Criminal)",84193
INTERMEDIÁRIA,INHUMAS,"Vara Cível, Infância e Juventude e Juizado Especial Cível",88139
INTERMEDIÁRIA,INHUMAS,"Vara Criminal (crime em geral, crimes dolosos contra a vida e Pres. do Trib. do Júri - Execução Penal) e Juizado Especial Criminal",88141
INTERMEDIÁRIA,INHUMAS,Vara das Fazendas Públicas e Registros Públicos e Família e Sucessões,88140
INTERMEDIÁRIA,IPAMERI,"1ª Vara (Cível, Criminal - crime em geral e exec. penais - e da Infância e da Juventude)",11562
INTERMEDIÁRIA,IPAMERI,"2ª Vara (Cível, Criminal crime em geral, crimes dolosos contra a vida e Pres. do Trib. do Juri, das Fazendas Púb., de Reg. Púb. e Amb.)",13587
INTERMEDIÁRIA,IPAMERI,Juizado Especial Cível e Criminal,11563
INTERMEDIÁRIA,IPORÁ,"1ª Vara (Cív., Criminal - crime em geral e exec. penais - e da Inf. e da Juventude)",52603
INTERMEDIÁRIA,IPORÁ,"2ª Vara (Cível, Criminal - crime em geral, crimes dolosos contra a vida e Pres. do Trib. do Juri, das Faz. Púb., de Reg. Púb. e Ambiental)",11570
INTERMEDIÁRIA,IPORÁ,Juizado Especial Cível e Criminal,11573
INTERMEDIÁRIA,ITABERAÍ,"1ª Vara Cível, Infância e da Juventude e Juizado Especial Cível",11491
INTERMEDIÁRIA,ITABERAÍ,"2ª Vara Cível, Família e Sucessões, das Fazendas Públicas e Registros Públicos",81236
INTERMEDIÁRIA,ITABERAÍ,"Vara Criminal (crimes em geral, crimes dolosos contra a vida e Pres. do Trib. do Júri execução penal) e Juizado Especial Criminal.",83217
INTERMEDIÁRIA,ITAPURANGA,"1ª Vara Judicial (Família e Sucessões, Infância e Juventude, Cível e Juizado Especial Cível)",81450
INTERMEDIÁRIA,ITAPURANGA,"2ª Vara Judicial (Fazendas Públicas, Criminal, Execução Penal e Juizado Criminal)",81451
INTERMEDIÁRIA,ITUMBIARA,1ª Vara (Cív. e da Inf.e da Juv.),11466
INTERMEDIÁRIA,ITUMBIARA,1ª Vara Criminal (crimes em geral e execuções penais),11469
INTERMEDIÁRIA,ITUMBIARA,1º Juizado Especial Cível e Criminal,11471
INTERMEDIÁRIA,ITUMBIARA,2ª Vara (Cível e Ambiental),11463
INTERMEDIÁRIA,ITUMBIARA,"2ª Vara Criminal (crimes dolosos contra a vida, Pres. Trib. Juri e crimes em geral)",13709
INTERMEDIÁRIA,ITUMBIARA,2º Juizado Especial Cível e Criminal,11475
INTERMEDIÁRIA,ITUMBIARA,5º CEJUSC REGIONAL VIRTUAL DO INTERIOR,88216
INTERMEDIÁRIA,ITUMBIARA,Vara de Família e Sucessões,13577
INTERMEDIÁRIA,ITUMBIARA,Vara de Fazendas Públicas e de Registros Públicos,83931
INTERMEDIÁRIA,JARAGUÁ,"Vara Cível, Infância e Juventude e Juizado Especial Cível",84484
INTERMEDIÁRIA,JARAGUÁ,"Vara Criminal (crime em geral, crimes dolosos contra a vida e Pres. do Trib. do Júri - Execução Penal) e Juizado Especial Criminal",84486
INTERMEDIÁRIA,JARAGUÁ,Vara das Fazendas Públicas e Registro Público e de Família e Sucessões,84485
INTERMEDIÁRIA,JATAÍ,1ª Vara Cível,86274
INTERMEDIÁRIA,JATAÍ,1ª Vara Criminal (crimes em geral e execuções penais),11622
INTERMEDIÁRIA,JATAÍ,2ª Vara Cível,86275
INTERMEDIÁRIA,JATAÍ,2ª Vara Criminal (crimes dolosos contra a vida e Presidência do Tribunal do Júri),13581
INTERMEDIÁRIA,JATAÍ,6º CEJUSC REGIONAL VIRTUAL DO INTERIOR,88217
INTERMEDIÁRIA,JATAÍ,Juizado de Violência Doméstica e Familiar Contra a Mulher,77693
INTERMEDIÁRIA,JATAÍ,Juizado Especial Cível e Criminal,11539
INTERMEDIÁRIA,JATAÍ,Vara de Família e Sucessões,86277
INTERMEDIÁRIA,JATAÍ,"Vara de Fazendas Públicas, Registros Públicos e Infância e Juventude",86276
INTERMEDIÁRIA,JUSSARA,"1ª Vara Judicial (Família e Sucessões, Infância e Juventude, Cível e Juizado Especial Cível)",81452
INTERMEDIÁRIA,JUSSARA,"2ª Vara Judicial (Fazendas Públicas, Criminal, Execução Penal e Juizado Criminal)",81453
INTERMEDIÁRIA,LUZIÂNIA,10º CEJUSC REGIONAL VIRTUAL DO INTERIOR,88730
INTERMEDIÁRIA,LUZIÂNIA,1ª Vara (Cível e da Faz. Púb. Estadual),11572
INTERMEDIÁRIA,LUZIÂNIA,"1ª Vara Criminal (crimes dolosos contra a vida, Pres. Trib do Juri e Execuções Penais)",11580
INTERMEDIÁRIA,LUZIÂNIA,1ª Vara de Família e Sucessões,11578
INTERMEDIÁRIA,LUZIÂNIA,1° Juizado de Violência Doméstica e Familiar contra a Mulher,79348
INTERMEDIÁRIA,LUZIÂNIA,1° Juizado Especial Cível e Criminal,11510
INTERMEDIÁRIA,LUZIÂNIA,"2ª Vara (Cível, da Faz. Púb. Mun., de Reg. Púb. e Amb.)",11576
INTERMEDIÁRIA,LUZIÂNIA,2ª Vara Criminal (crimes em geral),13176
INTERMEDIÁRIA,LUZIÂNIA,2ª Vara de Família e Sucessões,79350
INTERMEDIÁRIA,LUZIÂNIA,2° Juizado de Violência Doméstica e Familiar contra a Mulher,87316
INTERMEDIÁRIA,LUZIÂNIA,Juizado da Infância e da Juventude,13227
INTERMEDIÁRIA,MINAÇU,"Vara Cível, Infância e Juventude e Juizado Especial Cível",11525
INTERMEDIÁRIA,MINAÇU,"Vara Criminal (crime em geral, crimes dolosos contra a vida e Pres. do Trib. do Júri, Execução Penal e Juizado Especial Criminal)",11541
INTERMEDIÁRIA,MINAÇU,Vara das Fazendas Públicas e Registro Público e de Família e Sucessões,13745
INTERMEDIÁRIA,MINEIROS,1ª Vara (Cível e da Inf. e da Juventude),11514
INTERMEDIÁRIA,MINEIROS,1ª Vara Criminal (Crimes em Geral e Execuções Penais),11519
INTERMEDIÁRIA,MINEIROS,1º CENTRO JUDICIÁRIO DE SOLUÇÃO DE CONFLITOS E CIDADANIA,83767
INTERMEDIÁRIA,MINEIROS,"2ª Vara (Cív, das Faz Púb, de Reg Púb. e Amb.)",13600
INTERMEDIÁRIA,MINEIROS,"2ª Vara Criminal (Crimes em Geral, Crimes Dolosos contra a Vida e Presidência do Tribunal do Júri e Crimes Envolvendo Violência Doméstica - Lei 11.340/2006)",87320
INTERMEDIÁRIA,MINEIROS,2º CENTRO JUDICIÁRIO DE SOLUÇÃO DE CONFLITOS E CIDADANIA,83768
INTERMEDIÁRIA,MINEIROS,Juizado Especial Cível e Criminal,11522
INTERMEDIÁRIA,MINEIROS,"Vara de Família, Sucessões e Cível",11517
INTERMEDIÁRIA,MORRINHOS,"1ª Vara (Cív., Criminal - crime em geral e exec. penais - e da Inf. e da Juv.)",11543
INTERMEDIÁRIA,MORRINHOS,"2ª Vara (Cív. Criminal crime em geral, crimes dolosos contra a vida e Pres. do Trib. do Juri, das Faz. Púb. e de Reg. Púb. e Ambiental)",11545
INTERMEDIÁRIA,MORRINHOS,Juizado Especial Cível e Criminal,11547
INTERMEDIÁRIA,MOZARLÂNDIA,"1ª Vara Judicial (Família e Sucessões, Infância e Juventude, Cível e Juizado Especial Cível)",81454
INTERMEDIÁRIA,MOZARLÂNDIA,"2ª Vara Judicial (Fazendas Públicas, Criminal, Execução Penal e Juizado Criminal)",81455
INTERMEDIÁRIA,NERÓPOLIS,"1ª Vara Judicial (Família e Sucessões, Infância e Juventude, Cível e Juizado Especial Cível)",85134
INTERMEDIÁRIA,NERÓPOLIS,"2ª Vara Judicial (Fazendas Públicas, Criminal, Execução Penal e Juizado Criminal)",85135
INTERMEDIÁRIA,NIQUELÂNDIA,Vara Cível e Juizado Especial Cível,11552
INTERMEDIÁRIA,NIQUELÂNDIA,"Vara Criminal (crime em geral, crimes dolosos contra a vida e Pres. do Trib. do Júri Execução Penal e Infância e Juventude Infracional) e Juizado Especial Criminal",13746
INTERMEDIÁRIA,NIQUELÂNDIA,"Vara de Família, Sucessões, da Infância e da Juventude Cível e das Fazendas Públicas e Registro Público",11550
INTERMEDIÁRIA,NOVO GAMA,"1ª Vara (Cível, de Família, Sucessões e da Infância e da Juventude)",13162
INTERMEDIÁRIA,NOVO GAMA,"1ª Vara Criminal (Crimes em Geral, Crimes Dolosos Contra a Vida e Execução Penal) e Juizado Especial Criminal",84642
INTERMEDIÁRIA,NOVO GAMA,"2ª Vara (Cível, das Fazendas Públicas, de Registros Públicos e Ambiental) e Juizado Especial Cível",84641
INTERMEDIÁRIA,NOVO GAMA,2ª Vara Criminal (crimes em geral e crimes envolvendo violência doméstica),84643
INTERMEDIÁRIA,PADRE BERNARDO,"1ª Vara Judicial (Família e Sucessões, Infância e Juventude, Cível e Juizado Especial Cível)",81456
INTERMEDIÁRIA,PADRE BERNARDO,"2ª Vara Judicial (Fazendas Públicas, Criminal, Execução Penal e Juizado Criminal)",81457
INTERMEDIÁRIA,PALMEIRAS DE GOIÁS,Vara Judicial,11554
INTERMEDIÁRIA,PIRACANJUBA,"1ª Vara Judicial (Família e Sucessões, Infância e Juventude, Cível e Juizado Especial Cível)",81458
INTERMEDIÁRIA,PIRACANJUBA,"2ª Vara Judicial (Fazendas Públicas, Criminal, Execução Penal e Juizado Criminal)",81459
INTERMEDIÁRIA,PIRENÓPOLIS,14º CEJUSC REGIONAL VIRTUAL DO INTERIOR,89660
INTERMEDIÁRIA,PIRENÓPOLIS,"1ª Vara Judicial (Família e Sucessões, Infância e Juventude, Cível e Juizado Especial Cível)",81460
INTERMEDIÁRIA,PIRENÓPOLIS,"2ª Vara Judicial (Fazendas Públicas, Criminal, Execução Penal e Juizado Criminal)",81461
INTERMEDIÁRIA,PIRES DO RIO,"1ª Vara Judicial (Família e Sucessões, Infância e Juventude, Cível e Juizado Especial Cível)",81462
INTERMEDIÁRIA,PIRES DO RIO,"2ª Vara Judicial (Fazendas Públicas, Criminal, Execução Penal e Juizado Criminal)",81463
INTERMEDIÁRIA,PLANALTINA,"1ª Vara (Cível, de Família, Sucessões e da Infância e da Juventude)",13163
INTERMEDIÁRIA,PLANALTINA,"1ª Vara Criminal (crimes dolosos contra a vida e Presidência do Tribunal do Júri, Execução Penal e crimes envolvendo violência doméstica)",14601
INTERMEDIÁRIA,PLANALTINA,"2ª Vara (Cível, das Fazendas Públicas, de Registros Públicos e Ambiental)",13304
INTERMEDIÁRIA,PLANALTINA,2ª Vara Criminal (crimes em geral),79701
INTERMEDIÁRIA,PLANALTINA,Juizado Especial Cível e Criminal,11608
INTERMEDIÁRIA,PORANGATU,15º CEJUSC REGIONAL VIRTUAL DO INTERIOR,89665
INTERMEDIÁRIA,PORANGATU,"1ª Vara Cível, de Família e Sucessões e da Infância e Juventude",11565
INTERMEDIÁRIA,PORANGATU,"2ª Vara Cível, das Fazendas Públicas e de Registros Públicos",11567
INTERMEDIÁRIA,PORANGATU,Juizado Especial Cível e Criminal,11569
INTERMEDIÁRIA,PORANGATU,Vara Criminal,87324
INTERMEDIÁRIA,POSSE,"1ª Vara Judicial (Família e Sucessões, Infância e Juventude, Cível, de Registros Públicos, Ambiental e Juizado Especial Cível)",11571
INTERMEDIÁRIA,POSSE,"2ª Vara Judicial (Fazendas Públicas, Criminal, Execução Penal e Juizado Especial Criminal)",79430
INTERMEDIÁRIA,QUIRINÓPOLIS,1ª Vara (Cível e da Inf. e da Juv.),11470
INTERMEDIÁRIA,QUIRINÓPOLIS,"2ª Vara (Cível, das Faz. Púb., de Reg. Púb. e Ambiental)",11472
INTERMEDIÁRIA,QUIRINÓPOLIS,Juizado Especial Cível e Criminal,11473
INTERMEDIÁRIA,QUIRINÓPOLIS,Vara Criminal,13601
INTERMEDIÁRIA,RIO VERDE,1ª Vara Cível,11474
INTERMEDIÁRIA,RIO VERDE,1ª Vara Criminal (Execução Penal),11480
INTERMEDIÁRIA,RIO VERDE,1ª Vara de Família e Sucessões,13579
INTERMEDIÁRIA,RIO VERDE,1º Juizado Especial Cível e Criminal,11482
INTERMEDIÁRIA,RIO VERDE,2ª Vara Cível,11478
INTERMEDIÁRIA,RIO VERDE,2ª Vara Criminal (crimes em geral),13704
INTERMEDIÁRIA,RIO VERDE,2ª Vara de Família e Sucessões,81188
INTERMEDIÁRIA,RIO VERDE,2º Juizado Especial Cível e Criminal,11485
INTERMEDIÁRIA,RIO VERDE,3ª Vara Cível,11479
INTERMEDIÁRIA,RIO VERDE,3ª Vara Criminal (crimes em geral),79783
INTERMEDIÁRIA,RIO VERDE,4ª Vara Criminal (crimes dolosos contra a vida e Presidência do Tribunal do Júri),87322
INTERMEDIÁRIA,RIO VERDE,7º CEJUSC REGIONAL VIRTUAL DO INTERIOR,88291
INTERMEDIÁRIA,RIO VERDE,Juizado da Infância e da Juventude,13705
INTERMEDIÁRIA,RIO VERDE,Juizado de Violência Doméstica e Familiar Contra a Mulher,11486
INTERMEDIÁRIA,RIO VERDE,"Vara das Faz. Púb., de Reg. Púb. e Amb.",13580
INTERMEDIÁRIA,RUBIATABA,"1ª Vara Judicial (Família e Sucessões, Infância e Juventude, Cível e Juizado Especial Cível)",84266
INTERMEDIÁRIA,RUBIATABA,"2ª Vara Judicial (Fazendas Públicas, Criminal, Execução Penal e Juizado Criminal)",84265
INTERMEDIÁRIA,SANTA HELENA DE GOIÁS,"1ª Vara (Cív., Criminal - crime em geral e exec. penais - e da Inf. e da Juv.)",11489
INTERMEDIÁRIA,SANTA HELENA DE GOIÁS,"2ª Vara (Cív., Criminal – crime em geral, crimes dolosos contra a vida e Pres. do Trib. do Juri, das Faz. Púb. e de Reg. Púb.)",11490
INTERMEDIÁRIA,SANTA HELENA DE GOIÁS,Juizado Especial Cível e Criminal,13698
INTERMEDIÁRIA,SANTO ANTÔNIO DO DESCOBERTO,"1ª Vara (Cível, de Família, Sucessões e da Infância e da Juventude)",13164
INTERMEDIÁRIA,SANTO ANTÔNIO DO DESCOBERTO,"2ª Vara (Cível, das Fazendas Públicas, de Registros Públicos e Ambiental)",13305
INTERMEDIÁRIA,SANTO ANTÔNIO DO DESCOBERTO,Juizado Especial Cível e Criminal,11628
INTERMEDIÁRIA,SANTO ANTÔNIO DO DESCOBERTO,Vara Criminal,14600
INTERMEDIÁRIA,SÃO LUÍS DE MONTES BELOS,Vara Cível e Juizado Especial Cível,88136
INTERMEDIÁRIA,SÃO LUÍS DE MONTES BELOS,"Vara Criminal (crime em geral, crimes dolosos contra a vida e Pres. do Trib. do Júri – Execução Penal) e Juizado Criminal",88138
INTERMEDIÁRIA,SÃO LUÍS DE MONTES BELOS,"Vara das Fazendas Públicas e Registros Públicos, Família e Sucessões e de Infância e da Juventude",88137
INTERMEDIÁRIA,SÃO MIGUEL DO ARAGUAIA,"1ª Vara Judicial (Família e Sucessões, Infância e Juventude, Cível e Juizado Especial Cível)",81464
INTERMEDIÁRIA,SÃO MIGUEL DO ARAGUAIA,"2ª Vara Judicial (Fazendas Públicas, Criminal, Execução Penal e Juizado Criminal)",81465
INTERMEDIÁRIA,SENADOR CANEDO,1ª Vara Cível,13166
INTERMEDIÁRIA,SENADOR CANEDO,1ª Vara Criminal (crimes em geral e execuções penais),83771
INTERMEDIÁRIA,SENADOR CANEDO,2ª Vara Cível,13307
INTERMEDIÁRIA,SENADOR CANEDO,"2ª Vara Criminal (Crimes em geral, Crimes dolosos contra a vida e Presidência do Tribunal do Júri e Crimes envolvendo Violência Doméstica)",79351
INTERMEDIÁRIA,SENADOR CANEDO,CENTRO JUDICIÁRIO DE SOLUÇÃO DE CONFLITOS E CIDADANIA,83748
INTERMEDIÁRIA,SENADOR CANEDO,Juizado Especial Cível e Criminal,11591
INTERMEDIÁRIA,SENADOR CANEDO,"Vara de Família, Sucessões e Infância e Juventude",87313
INTERMEDIÁRIA,SENADOR CANEDO,"Vara de Fazendas Públicas, Registros Públicos e Ambiental",87312
INTERMEDIÁRIA,TRINDADE,1ª Vara (Cível e da Inf. e da Juv),12570
INTERMEDIÁRIA,TRINDADE,"1ª Vara Criminal (crimes dolosos contra a vida, Pres. Trib. Juri e Execução Penal)",13602
INTERMEDIÁRIA,TRINDADE,2ª Vara Cível e Ambiental,86456
INTERMEDIÁRIA,TRINDADE,2ª Vara Criminal (crimes em geral),79353
INTERMEDIÁRIA,TRINDADE,2º CEJUSC REGIONAL VIRTUAL DO INTERIOR,87909
INTERMEDIÁRIA,TRINDADE,3ª Vara Criminal (crimes em geral),87315
INTERMEDIÁRIA,TRINDADE,Juizado Especial Cível e Criminal,11495
INTERMEDIÁRIA,TRINDADE,Vara de Família e Sucessões,86457
INTERMEDIÁRIA,TRINDADE,Vara de Fazendas Públicas e Registros Públicos,86454
INTERMEDIÁRIA,URUAÇU,"1ª Vara (Cív., Criminal - crime em geral e exec. penais - e da Inf. e da Juv.)",52648
INTERMEDIÁRIA,URUAÇU,"2ª Vara (Cív., Criminal – crime em geral, crimes dolosos contra a vida e Pres. do Trib. do Juri, das Faz. Púb. e de Reg. Pub.)",11498
INTERMEDIÁRIA,URUAÇU,Juizado Especial Cível e Criminal,11499
INTERMEDIÁRIA,VALPARAÍSO DE GOIÁS,"1ª Vara Cível (Cível, Infância e Juventude)",13165
INTERMEDIÁRIA,VALPARAÍSO DE GOIÁS,"1ª Vara Criminal (crimes dolosos contra a vida e Presidência do Tribunal do Júri, Execução Penal e crimes envolvendo violência doméstica)",84640
INTERMEDIÁRIA,VALPARAÍSO DE GOIÁS,"2ª Vara (Cível, das Fazendas Públicas, de Registros Públicos e Ambiental)",13308
INTERMEDIÁRIA,VALPARAÍSO DE GOIÁS,2ª Vara Criminal (crimes em geral),79355
INTERMEDIÁRIA,VALPARAÍSO DE GOIÁS,2º CENTRO JUDICIÁRIO DE SOLUÇÃO DE CONFLITOS E CIDADANIA,86657
INTERMEDIÁRIA,VALPARAÍSO DE GOIÁS,3ª Vara de Família e Sucessões e das Fazendas Públicas,87966
INTERMEDIÁRIA,VALPARAÍSO DE GOIÁS,"4ª Vara Cível, Família e Sucessões",89847
INTERMEDIÁRIA,VALPARAÍSO DE GOIÁS,Juizado Especial Cível e Criminal,11609
