comarca,serventia,codigo_cnj,Tipo de Unidade Judiciária
GOIÂNIA,TRIBUNAL DE JUSTIÇA DO ESTADO DE GOIÁS,16,AADJ
GOIÂNIA,1ª VARA DA FAZENDA PÚBLICA ESTADUAL,11381,UJ1
GOIÂNIA,2ª VARA DA FAZENDA PÚBLICA ESTADUAL,11382,UJ1
GOIÂNIA,1ª VARA DA FAZ. PÚB. MUN. E DE REG. PÚB. - EXECUÇÃO FISCAL,11384,UJ1
GOIÂNIA,2ª VARA DA FAZ. PÚB. MUN. E DE REG. PÚB.,11385,UJ1
GOIÂNIA,3ª VARA DA FAZENDA PÚBLICA ESTADUAL EXECUÇÃO FISCAL,11386,UJ1
GOIÂNIA,1ª VARA DE FAMÍLIA,11387,UJ1
GOIÂNIA,2ª VARA DE FAMÍLIA,11388,UJ1
ANÁPOLIS,VARA DA FAZENDA PÚBLICA ESTADUAL,11389,UJ1
GOIÂNIA,3ª VARA DE FAMÍLIA,11390,UJ1
ANÁPOLIS,1ª VARA DE FAMÍLIA E SUCESSÕES,11391,UJ1
ANÁPOLIS,2ª VARA DE FAMÍLIA E SUCESSÕES,11392,UJ1
GOIÂNIA,4ª VARA DE FAMÍLIA,11393,UJ1
ANÁPOLIS,1ª VARA CÍVEL,11394,UJ1
GOIÂNIA,5ª VARA DE FAMÍLIA,11395,UJ1
GOIÂNIA,6ª VARA DE FAMÍLIA,11396,UJ1
GOIÂNIA,1ª VARA CÍVEL,11397,UJ1
GOIÂNIA,2ª VARA CÍVEL,11398,UJ1
ANÁPOLIS,2ª VARA CÍVEL,11399,UJ1
ANÁPOLIS,3ª VARA CÍVEL,11400,UJ1
GOIÂNIA,3ª VARA CÍVEL,11401,UJ1
ANÁPOLIS,4ª VARA CÍVEL,11402,UJ1
GOIÂNIA,4ª VARA CÍVEL,11403,UJ1
GOIÂNIA,5ª VARA CÍVEL E DE ARBITRAGEM,11404,UJ1
GOIÂNIA,6ª VARA CÍVEL,11405,UJ1
ANÁPOLIS,5ª VARA CÍVEL,11406,UJ1
GOIÂNIA,7ª VARA CÍVEL,11407,UJ1
GOIÂNIA,8ª VARA CÍVEL,11408,UJ1
ANÁPOLIS,1ª VARA CRIMINAL,11409,UJ1
ANÁPOLIS,2ª VARA CRIMINAL,11410,UJ1
GOIÂNIA,9ª VARA CÍVEL,11411,UJ1
ANÁPOLIS,3ª VARA CRIMINAL,11412,UJ1
GOIÂNIA,10ª VARA CÍVEL,11413,UJ1
GOIÂNIA,11ª VARA CÍVEL,11414,UJ1
GOIÂNIA,12ª VARA CÍVEL,11415,UJ1
GOIÂNIA,1ª VARA CRIMINAL DOS CRIMES DOLOSOS CONTRA A VIDA E TRIBUNAL DO JÚRI,11416,UJ1
GOIÂNIA,2ª VARA CRIMINAL DOS CRIMES DOLOSOS CONTRA A VIDA E TRIBUNAL DO JÚRI,11417,UJ1
GOIÂNIA,3ª VARA CRIMINAL DOS CRIMES DOLOSOS CONTRA A VIDA E TRIBUNAL DO JÚRI,11418,UJ1
GOIÂNIA,1ª VARA DE EXECUÇÃO PENAL,11419,UJ1
GOIÂNIA,VARA DE EXECUÇÃO DE PENAS E MEDIDAS ALTERNATIVAS,11421,UJ1
ANÁPOLIS,JUIZADO DA INFÂNCIA E DA JUVENTUDE,11422,UJ1
GOIÂNIA,7ª VARA CRIMINAL DOS CRIMES PUNIDOS COM RECLUSÃO E DETENÇÃO,11423,UJ1
ANÁPOLIS,1º JUIZADO ESPECIAL CÍVEL,11424,UJ1
ANÁPOLIS,2º JUIZADO ESPECIAL CÍVEL,11425,UJ1
GOIÂNIA,8ª VARA CRIMINAL DOS CRIMES PUNIDOS COM RECLUSÃO E DETENÇÃO,11426,UJ1
ANÁPOLIS,3º JUIZADO ESPECIAL CÍVEL,11428,UJ1
GOIÂNIA,5ª VARA CRIMINAL DOS CRIMES PUNIDOS COM RECLUSÃO E DETENÇÃO,11430,UJ1
MOSSÂMEDES,VARA JUDICIAL,11431,UJ1
GOIÂNIA,AUDITORIA MILITAR,11435,UJ1
GOIÂNIA,1º JUIZADO ESPECIAL CÍVEL,11437,UJ1
GOIÂNIA,2º JUIZADO ESPECIAL CÍVEL,11438,UJ1
GOIÂNIA,3º JUIZADO ESPECIAL CÍVEL,11439,UJ1
GOIÂNIA,4º JUIZADO ESPECIAL CÍVEL,11440,UJ1
ANÁPOLIS,1º JUIZADO ESPECIAL CRIMINAL,11441,UJ1
GOIÂNIA,5º JUIZADO ESPECIAL CÍVEL,11442,UJ1
GOIÂNIA,7º JUIZADO ESPECIAL CÍVEL,11444,UJ1
TAQUARAL DE GOIÁS,VARA JUDICIAL,11445,UJ1
GOIÂNIA,8º JUIZADO ESPECIAL CÍVEL,11446,UJ1
GOIÂNIA,9º JUIZADO ESPECIAL CÍVEL,11447,UJ1
APARECIDA DE GOIÂNIA,1ª VARA CÍVEL,11448,UJ1
GOIÂNIA,10º JUIZADO ESPECIAL CÍVEL,11449,UJ1
APARECIDA DE GOIÂNIA,2ª VARA CÍVEL,11450,UJ1
GOIÂNIA,3º JUIZADO DE VIOLÊNCIA DOMÉSTICA E FAMILIAR CONTRA A MULHER,11451,UJ1
GOIÂNIA,1º JUIZADO ESPECIAL CRIMINAL,11452,UJ1
APARECIDA DE GOIÂNIA,1ª VARA CRIMINAL,11453,UJ1
GOIÂNIA,2º JUIZADO ESPECIAL CRIMINAL,11454,UJ1
APARECIDA DE GOIÂNIA,2ª VARA CRIMINAL,11455,UJ1
GOIÂNIA,4º JUIZADO DE VIOLÊNCIA DOMÉSTICA E FAMILIAR CONTRA A MULHER,11456,UJ1
APARECIDA DE GOIÂNIA,1ª VARA DE FAMÍLIA E SUCESSÕES,11458,UJ1
APARECIDA DE GOIÂNIA,VARA DA FAZENDA PÚBLICA ESTADUAL,11459,UJ1
APARECIDA DE GOIÂNIA,JUIZADO DA INFÂNCIA E DA JUVENTUDE,11460,UJ1
GOIÂNIA,6º JUIZADO ESPECIAL CÍVEL,11462,UJ1
ITUMBIARA,2ª VARA (CÍVEL E AMBIENTAL),11463,UJ1
ITUMBIARA,1ª VARA (CÍV. E DA INF.E DA JUV.),11466,UJ1
APARECIDA DE GOIÂNIA,1º JUIZADO ESPECIAL CÍVEL,11467,UJ1
APARECIDA DE GOIÂNIA,1º JUIZADO ESPECIAL CRIMINAL,11468,UJ1
ITUMBIARA,1ª VARA CRIMINAL (CRIMES EM GERAL E EXECUÇÕES PENAIS),11469,UJ1
QUIRINÓPOLIS,1ª VARA (CÍVEL E DA INF. E DA JUV.),11470,UJ1
ITUMBIARA,1º JUIZADO ESPECIAL CÍVEL E CRIMINAL,11471,UJ1
QUIRINÓPOLIS,"2ª VARA (CÍVEL, DAS FAZ. PÚB., DE REG. PÚB. E AMBIENTAL)",11472,UJ1
QUIRINÓPOLIS,JUIZADO ESPECIAL CÍVEL E CRIMINAL,11473,UJ1
RIO VERDE,1ª VARA CÍVEL,11474,UJ1
ITUMBIARA,2º JUIZADO ESPECIAL CÍVEL E CRIMINAL,11475,UJ1
APARECIDA DE GOIÂNIA,2º JUIZADO ESPECIAL CÍVEL,11476,UJ1
CALDAS NOVAS,1ª VARA (CÍVEL E DA INF. E DA JUV.),11477,UJ1
RIO VERDE,2ª VARA CÍVEL,11478,UJ1
RIO VERDE,3ª VARA CÍVEL,11479,UJ1
RIO VERDE,1ª VARA CRIMINAL (EXECUÇÃO PENAL),11480,UJ1
CALDAS NOVAS,"2ª VARA (CÍVEL, FAZ PÚBLICAS ESTADUAL E RESIDUAL E REGISTROS PÚBLICOS)",11481,UJ1
RIO VERDE,1º JUIZADO ESPECIAL CÍVEL E CRIMINAL,11482,UJ1
CALDAS NOVAS,1º JUIZADO ESPECIAL CÍVEL E CRIMINAL,11483,UJ1
RIO VERDE,2º JUIZADO ESPECIAL CÍVEL E CRIMINAL,11485,UJ1
RIO VERDE,JUIZADO DE VIOLÊNCIA DOMÉSTICA E FAMILIAR CONTRA A MULHER,11486,UJ1
SANTA HELENA DE GOIÁS,"1ª VARA (CÍV., CRIMINAL - CRIME EM GERAL E EXEC. PENAIS - E DA INF. E DA JUV.)",11489,UJ1
SANTA HELENA DE GOIÁS,"2ª VARA (CÍV., CRIMINAL - CRIME EM GERAL, CRIMES DOLOSOS CONTRA A VIDA E PRES. DO TRIB. DO JURI, DAS FAZ. PÚB. E DE REG. PÚB.)",11490,UJ1
ITABERAÍ,"1ª VARA CÍVEL, INFÂNCIA E DA JUVENTUDE E JUIZADO ESPECIAL CÍVEL",11491,UJ1
CATALÃO,1º JUIZADO ESPECIAL CÍVEL E CRIMINAL,11492,UJ1
TRINDADE,JUIZADO ESPECIAL CÍVEL E CRIMINAL,11495,UJ1
CERES,"1ª VARA (CÍV., CRIMINAL - CRIME EM GERAL E EXEC. PENAIS - E DA INF. E DA JUV.)",11496,UJ1
URUAÇU,"2ª VARA (CÍV., CRIMINAL - CRIME EM GERAL, CRIMES DOLOSOS CONTRA A VIDA E PRES. DO TRIB. DO JURI, DAS FAZ. PÚB. E DE REG. PUB.)",11498,UJ1
URUAÇU,JUIZADO ESPECIAL CÍVEL E CRIMINAL,11499,UJ1
CERES,"2ªVARA (CÍV, CRIMINAL - CRIME EM GERAL, CRIMES DOLOSOS CONTRA A VIDA E PRES. DO TRIB. DO JURI DAS FAZ. PÚB. E DE REG. PÚB.)",11500,UJ1
ABADIÂNIA,VARA JUDICIAL,11501,UJ1
CRISTALINA,"1ª VARA (CÍVEL, DE FAMÍLIA, SUCESSÕES E DA INFÂNCIA E DA JUVENTUDE)",11502,UJ1
CRISTALINA,"2ª VARA (CÍVEL, DAS FAZENDAS PÚBLICAS, DE REGISTROS PÚBLICOS E AMBIENTAL)",11503,UJ1
ITAJÁ,VARA JUDICIAL,11507,UJ1
ITAPACI,VARA JUDICIAL,11508,UJ1
LUZIÂNIA,JUIZADO ESPECIAL CÍVEL E CRIMINAL,11510,UJ1
ITAPIRAPUÃ,VARA JUDICIAL,11511,UJ1
FORMOSA,1ª VARA (CÍVEL E DA INF. E DA JUV.),11512,UJ1
MINEIROS,1ª VARA (CÍVEL E DA INF. E DA JUVENTUDE),11514,UJ1
FORMOSA,2ª VARA CÍVEL E FAMÍLIA E SUCESSÕES,11515,UJ1
MINEIROS,"VARA DE FAMÍLIA, SUCESSÕES E CÍVEL",11517,UJ1
FORMOSA,JUIZADO ESPECIAL CÍVEL E CRIMINAL,11518,UJ1
MINEIROS,1ª VARA CRIMINAL,11519,UJ1
JANDAIA,VARA JUDICIAL,11521,UJ1
MINEIROS,JUIZADO ESPECIAL CÍVEL E CRIMINAL,11522,UJ1
ITAUÇU,VARA JUDICIAL,11523,UJ1
FORMOSA,"1ª VARA CRIMINAL (CRIMES DOLOSOS CONTRA A VIDA, PRES. TRIB. JURI E EXECUÇÕES PENAIS)",11524,UJ1
MINAÇU,"VARA CÍVEL, INFÂNCIA E JUVENTUDE E JUIZADO ESPECIAL CÍVEL",11525,UJ1
GOIANÉSIA,"1ª VARA (CÍVEL, DE FAMÍLIA, SUCESSÕES E DA INFÂNCIA E DA JUVENTUDE)",11528,UJ1
ÁGUAS LINDAS DE GOIÁS,"2ª VARA CÍVEL, FAMÍLIA E SUCESSÕES",11529,UJ1
GOIANÉSIA,VARA DAS FAZENDAS PÚBLICAS E REGISTROS PÚBLICOS,11530,UJ1
ÁGUAS LINDAS DE GOIÁS,JUIZADO ESPECIAL CÍVEL E CRIMINAL,11531,UJ1
ALEXÂNIA,VARA JUDICIAL,11532,UJ1
GOIÁS,"VARA CÍVEL, INFÂNCIA E JUVENTUDE E JUIZADO ESPECIAL CÍVEL",11533,UJ1
GOIÁS,VARA DAS FAZENDAS PÚBLICAS E REGISTRO PÚBLICO E DE FAMÍLIA E SUCESSÕES,11534,UJ1
GOIÁS,"VARA CRIMINAL (CRIME EM GERAL, CRIMES DOLOSOS CONTRA A VIDA E PRES. DO TRIB. DO JÚRI, EXECUÇÃO PENAL E JUIZADO ESPECIAL CRIMINAL)",11535,UJ1
GOIATUBA,"2ª VARA (CÍV, CRIMINAL - CRIME EM GERAL, CRIMES DOLOSOS CONTRA A VIDA E PRES. DO TRIB. DO JURI, DAS FAZ.PÚB.E DE REG.PUB)",11538,UJ1
JATAÍ,JUIZADO ESPECIAL CÍVEL E CRIMINAL,11539,UJ1
GOIATUBA,JUIZADO ESPECIAL CÍVEL E CRIMINAL,11540,UJ1
MINAÇU,"VARA CRIMINAL (CRIME EM GERAL, CRIMES DOLOSOS CONTRA A VIDA E PRES. DO TRIB. DO JÚRI, EXECUÇÃO PENAL E JUIZADO ESPECIAL CRIMINAL)",11541,UJ1
MORRINHOS,"1ª VARA (CÍV., CRIMINAL - CRIME EM GERAL E EXEC. PENAIS - E DA INF. E DA JUV.)",11543,UJ1
MORRINHOS,"2ª VARA (CÍV., CRIMINAL - CRIME EM GERAL, CRIMES DOLOSOS CONTRA A VIDA E PRES. DO TRIB. DO JURI - , DAS FAZ. PÚB. E DE REG. PÚB. E AMBIENTAL)",11545,UJ1
ALTO PARAÍSO DE GOIÁS,VARA JUDICIAL,11546,UJ1
MORRINHOS,JUIZADO ESPECIAL CÍVEL E CRIMINAL,11547,UJ1
NIQUELÂNDIA,"VARA DE FAMÍLIA, SUCESSÕES, DA INFÂNCIA E DA JUVENTUDE CÍVEL E DAS FAZENDAS PÚBLICAS E REGISTRO PÚBLICO",11550,UJ1
ALVORADA DO NORTE,VARA JUDICIAL,11551,UJ1
NIQUELÂNDIA,VARA CÍVEL E JUIZADO ESPECIAL CÍVEL,11552,UJ1
JOVIÂNIA,VARA JUDICIAL,11553,UJ1
PALMEIRAS DE GOIÁS,VARA JUDICIAL,11554,UJ1
ARAÇU,VARA JUDICIAL,11555,UJ1
LEOPOLDO DE BULHÕES,VARA JUDICIAL,11556,UJ1
MONTES CLAROS DE GOIÁS,VARA JUDICIAL,11559,UJ1
IPAMERI,"1ª VARA (CÍVEL, CRIMINAL - CRIME EM GERAL E EXEC. PENAIS - E DA INFÂNCIA E DA JUVENTUDE)",11562,UJ1
IPAMERI,JUIZADO ESPECIAL CÍVEL E CRIMINAL,11563,UJ1
PORANGATU,"1ª VARA CÍVEL, DE FAMÍLIA E SUCESSÕES E DA INFÂNCIA E JUVENTUDE",11565,UJ1
NAZÁRIO,VARA JUDICIAL,11566,UJ1
PORANGATU,"2ª CÍVEL, DAS FAZENDAS PÚBLICAS E DE REGISTROS PÚBLICOS",11567,UJ1
PORANGATU,JUIZADO ESPECIAL CÍVEL E CRIMINAL,11569,UJ1
IPORÁ,"2ª VARA (CÍVEL, CRIMINAL - CRIME EM GERAL, CRIMES DOLOSOS CONTRA A VIDA E PRES. DO TRIB. DO JURI, DAS FAZ. PÚB., DE REG. PÚB. E AMBIENTAL)",11570,UJ1
POSSE,"1ª VARA JUDICIAL (FAMÍLIA E SUCESSÕES, INFÂNCIA E JUVENTUDE, CÍVEL, DE REGISTROS PÚBLICOS, AMBIENTAL E JUIZADO ESPECIAL CÍVEL)",11571,UJ1
LUZIÂNIA,1ª VARA (CÍVEL E DA FAZ. PÚB. ESTADUAL),11572,UJ1
IPORÁ,JUIZADO ESPECIAL CÍVEL E CRIMINAL,11573,UJ1
LUZIÂNIA,"2ª VARA (CÍVEL, DA FAZ. PÚB. MUN., DE REG. PÚB. E AMB.)",11576,UJ1
LUZIÂNIA,1ª VARA DE FAMÍLIA E SUCESSÕES,11578,UJ1
ORIZONA,VARA JUDICIAL,11579,UJ1
LUZIÂNIA,"1ª VARA CRIMINAL (CRIMES DOLOSOS CONTRA A VIDA, PRES. TRIB DO JURI E EXECUÇÕES PENAIS)",11580,UJ1
PARANAIGUARA,VARA JUDICIAL,11583,UJ1
PARAÚNA,VARA JUDICIAL,11585,UJ1
PETROLINA DE GOIÁS,VARA JUDICIAL,11586,UJ1
AURILÂNDIA,VARA JUDICIAL,11589,UJ1
SENADOR CANEDO,JUIZADO ESPECIAL CÍVEL E CRIMINAL,11591,UJ1
BELA VISTA DE GOIÁS,VARA JUDICIAL,11593,UJ1
BURITI ALEGRE,VARA JUDICIAL,11595,UJ1
SILVÂNIA,VARA JUDICIAL,11596,UJ1
CACHOEIRA ALTA,VARA JUDICIAL,11597,UJ1
PIRANHAS,VARA JUDICIAL,11598,UJ1
TURVÂNIA,VARA JUDICIAL,11599,UJ1
URUANA,VARA JUDICIAL,11601,UJ1
CAÇU,VARA JUDICIAL,11602,UJ1
PLANALTINA,JUIZADO ESPECIAL CÍVEL E CRIMINAL,11608,UJ1
VALPARAÍSO DE GOIÁS,JUIZADO ESPECIAL CÍVEL E CRIMINAL,11609,UJ1
CAMPINORTE,VARA JUDICIAL,11610,UJ1
VARJÃO,VARA JUDICIAL,11611,UJ1
PONTALINA,VARA JUDICIAL,11612,UJ1
VIANÓPOLIS,VARA JUDICIAL,11614,UJ1
RIALMA,VARA JUDICIAL,11615,UJ1
CAVALCANTE,VARA JUDICIAL,11616,UJ1
CIDADE OCIDENTAL,JUIZADO ESPECIAL CÍVEL E CRIMINAL,11619,UJ1
SANCLERLÂNDIA,VARA JUDICIAL,11620,UJ1
CORUMBÁ DE GOIÁS,VARA JUDICIAL,11621,UJ1
JATAÍ,1ª VARA CRIMINAL (CRIMES EM GERAL E EXECUÇÕES PENAIS),11622,UJ1
CORUMBAÍBA,VARA JUDICIAL,11623,UJ1
SANTA CRUZ DE GOIÁS,VARA JUDICIAL,11625,UJ1
SANTA TEREZINHA DE GOIÁS,VARA JUDICIAL,11626,UJ1
SANTO ANTÔNIO DO DESCOBERTO,JUIZADO ESPECIAL CÍVEL E CRIMINAL,11628,UJ1
SÃO DOMINGOS,VARA JUDICIAL,11629,UJ1
EDÉIA,VARA JUDICIAL,11632,UJ1
FAZENDA NOVA,VARA JUDICIAL,11636,UJ1
FIRMINÓPOLIS,VARA JUDICIAL,11637,UJ1
GOIANÁPOLIS,VARA JUDICIAL,11639,UJ1
GOIANDIRA,VARA JUDICIAL,11640,UJ1
IACIARA,VARA JUDICIAL,11645,UJ1
TRINDADE,1ª VARA (CÍVEL E DA INF. E DA JUV),12570,UJ1
BARRO ALTO,VARA JUDICIAL,12713,UJ1
HIDROLÂNDIA,"1ª VARA JUDICIAL (FAMÍLIA E SUCESSÕES, INFÂNCIA E JUVENTUDE, CÍVEL E JUIZADO ESPECIAL CÍVEL)",12715,UJ1
SÃO SIMÃO,VARA JUDICIAL,12803,UJ1
ESTRELA DO NORTE,VARA JUDICIAL,12842,UJ1
FORMOSO,VARA JUDICIAL,12964,UJ1
CIDADE OCIDENTAL,"1ª VARA (CÍVEL, DE FAMÍLIA, SUCESSÕES E DA INFÂNCIA E DA JUVENTUDE)",13161,UJ1
NOVO GAMA,"1ª VARA (CÍVEL, DE FAMÍLIA, SUCESSÕES E DA INFÂNCIA E DA JUVENTUDE)",13162,UJ1
PLANALTINA,"1ª VARA (CÍVEL, DE FAMÍLIA, SUCESSÕES E DA INFÂNCIA E DA JUVENTUDE)",13163,UJ1
SANTO ANTÔNIO DO DESCOBERTO,"1ª VARA (CÍVEL, DE FAMÍLIA, SUCESSÕES E DA INFÂNCIA E DA JUVENTUDE)",13164,UJ1
VALPARAÍSO DE GOIÁS,1ª VARA (CÍVEL E DA INFÂNCIA E DA JUVENTUDE),13165,UJ1
SENADOR CANEDO,1ª VARA CÍVEL,13166,UJ1
FORMOSA,2ª VARA CRIMINAL (CRIMES EM GERAL E VIOLÊNCIA DOMÉSTICA E FAMILIAR CONTRA A MULHER),13171,UJ1
ARUANÃ,VARA JUDICIAL,13173,UJ1
NOVA CRIXÁS,VARA JUDICIAL,13175,UJ1
LUZIÂNIA,2ª VARA CRIMINAL (CRIMES EM GERAL),13176,UJ1
ANÁPOLIS,4º JUIZADO ESPECIAL CÍVEL,13226,UJ1
LUZIÂNIA,JUIZADO DA INFÂNCIA E DA JUVENTUDE,13227,UJ1
CIDADE OCIDENTAL,"2ª VARA (CÍVEL, DAS FAZENDAS PÚBLICAS, DE REGISTROS PÚBLICOS E AMBIENTAL)",13300,UJ1
PLANALTINA,"2ª VARA (CÍVEL, DAS FAZENDAS PÚBLICAS, DE REGISTROS PÚBLICOS E AMBIENTAL)",13304,UJ1
SANTO ANTÔNIO DO DESCOBERTO,"2ª VARA (CÍVEL, DAS FAZENDAS PÚBLICAS, DE REGISTROS PÚBLICOS E AMBIENTAL)",13305,UJ1
SENADOR CANEDO,2ª VARA CÍVEL,13307,UJ1
VALPARAÍSO DE GOIÁS,"2ª VARA (CÍVEL, DAS FAZENDAS PÚBLICAS, DE REGISTROS PÚBLICOS E AMBIENTAL)",13308,UJ1
ANÁPOLIS,"VARA DA FAZ. PÚB. MUN.,DE REG. PÚB., E AMB.",13364,UJ1
ANÁPOLIS,6ª VARA CÍVEL,13365,UJ1
ANÁPOLIS,4ª VARA CRIMINAL (PRESIDÊNCIA DO TRIBUNAL DO JURI E EXECUÇÕES PENAIS),13366,UJ1
APARECIDA DE GOIÂNIA,3ª VARA CÍVEL,13367,UJ1
APARECIDA DE GOIÂNIA,4ª VARA CÍVEL,13368,UJ1
APARECIDA DE GOIÂNIA,5ª VARA CÍVEL,13369,UJ1
APARECIDA DE GOIÂNIA,3ª VARA CRIMINAL,13370,UJ1
APARECIDA DE GOIÂNIA,2ª VARA DE FAMÍLIA E SUCESSÕES,13372,UJ1
APARECIDA DE GOIÂNIA,"VARA DA FAZENDA PÚB. MUNICIPAL, DE REG. PÚB. E AMBIENTAL",13373,UJ1
COCALZINHO DE GOIÁS,VARA JUDICIAL,13558,UJ1
ITUMBIARA,VARA DE FAMÍLIA E SUCESSÕES,13577,UJ1
RIO VERDE,1ª VARA DE FAMÍLIA E SUCESSÕES,13579,UJ1
RIO VERDE,"VARA DAS FAZ. PÚB., DE REG. PÚB. E AMB.",13580,UJ1
JATAÍ,"2ª VARA CRIMINAL (CRIMES EM GERAL, CRIMES DOLOSOS CONTRA A VIDA E PRESIDÊNCIA DO TRIBUNAL DO JÚRI)",13581,UJ1
IPAMERI,"2ª VARA (CÍVEL, CRIMINAL - CRIME EM GERAL, CRIMES DOLOSOS CONTRA A VIDA E PRES. DO TRIB. DO JURI, DAS FAZENDAS PÚB., DE REG. PÚB. E AMB.)",13587,UJ1
CALDAS NOVAS,VARA DE FAMÍLIA E SUCESSÕES,13589,UJ1
CALDAS NOVAS,"1ª VARA CRIMINAL (CRIMES DOLOSOS CONTRA A VIDA, PRES. TRIB JURI E EXECUÇÃO PENAL)",13590,UJ1
MINEIROS,"2ª VARA (CÍV, DAS FAZ PÚB, DE REG PÚB. E AMB.)",13600,UJ1
QUIRINÓPOLIS,VARA CRIMINAL,13601,UJ1
TRINDADE,"1ª VARA CRIMINAL (CRIMES DOLOSOS CONTRA A VIDA, PRES. TRIB. JURI E EXECUÇÃO PENAL)",13602,UJ1
SERRANÓPOLIS,VARA JUDICIAL,13690,UJ1
SANTA HELENA DE GOIÁS,JUIZADO ESPECIAL CÍVEL E CRIMINAL,13698,UJ1
RIO VERDE,2ª VARA CRIMINAL (CRIMES EM GERAL),13704,UJ1
RIO VERDE,JUIZADO DA INFÂNCIA E DA JUVENTUDE,13705,UJ1
ITUMBIARA,"2ª VARA CRIMINAL (CRIMES DOLOSOS CONTRA A VIDA, PRES. TRIB. JURI E CRIMES EM GERAL)",13709,UJ1
CATALÃO,2º JUIZADO ESPECIAL CÍVEL E CRIMINAL,13724,UJ1
MONTIVIDIU,VARA JUDICIAL,13737,UJ1
MINAÇU,VARA DAS FAZENDAS PÚBLICAS E REGISTRO PÚBLICO E DE FAMÍLIA E SUCESSÕES,13745,UJ1
NIQUELÂNDIA,"VARA CRIMINAL (CRIME EM GERAL, CRIMES DOLOSOS CONTRA A VIDA E PRES. DO TRIB. DO JÚRI, EXECUÇÃO PENAL E INFÂNCIA E JUVENTUDE INFRACIONAL) E JUIZADO ESPECIAL CRIMINAL",13746,UJ1
GOIANÉSIA,JUIZADO ESPECIAL CÍVEL E CRIMINAL,13799,UJ1
FLORES DE GOIÁS,VARA JUDICIAL,13804,UJ1
CERES,JUIZADO ESPECIAL CÍVEL E CRIMINAL,13828,UJ1
GOIANIRA,JUIZADO ESPECIAL CÍVEL E CRIMINAL,13834,UJ1
GOIÂNIA,13ª VARA CÍVEL E AMBIENTAL,13837,UJ1
GOIÂNIA,14ª VARA CÍVEL E AMBIENTAL,13838,UJ1
GOIÂNIA,15ª VARA CÍVEL E AMBIENTAL,13839,UJ1
GOIÂNIA,16ª VARA CÍVEL E AMBIENTAL,13840,UJ1
GOIÂNIA,GABINETE DES. JOSÉ PAGANUCCI JÚNIOR,13921,UJ2
ÁGUAS LINDAS DE GOIÁS,"1ª VARA CRIMINAL (CRIMES DOLOSOS CONTRA A VIDA, PRES. TRIB. JURI E EXECUÇÕES PENAIS)",14595,UJ1
ÁGUAS LINDAS DE GOIÁS,2ª VARA CRIMINAL (CRIMES EM GERAL),14596,UJ1
CIDADE OCIDENTAL,VARA CRIMINAL,14597,UJ1
CRISTALINA,VARA CRIMINAL,14599,UJ1
SANTO ANTÔNIO DO DESCOBERTO,VARA CRIMINAL,14600,UJ1
PLANALTINA,"1ª VARA CRIMINAL (CRIMES DOLOSOS CONTRA A VIDA E PRESIDÊNCIA DO TRIBUNAL DO JÚRI, EXECUÇÃO PENAL E CRIMES ENVOLVENDO VIOLÊNCIA DOMÉSTICA",14601,UJ1
GOIÂNIA,17ª VARA CÍVEL E AMBIENTAL,16429,UJ1
GOIÂNIA,18ª VARA CÍVEL E AMBIENTAL,16430,UJ1
GOIÂNIA,19ª VARA CÍVEL E AMBIENTAL,16431,UJ1
GOIÂNIA,1º JUIZADO DE VIOLÊNCIA DOMÉSTICA E FAMILIAR CONTRA A MULHER,16434,UJ1
GOIÂNIA,2º JUIZADO DE VIOLÊNCIA DOMÉSTICA E FAMILIAR CONTRA A MULHER,16435,UJ1
GOIÂNIA,6 CÂMARA CÍVEL,16997,UJ2
GOIÂNIA,2 CÂMARA CÍVEL,16999,UJ2
GOIÂNIA,4 CÂMARA CÍVEL,17046,UJ2
MARA ROSA,VARA JUDICIAL,17261,UJ1
MAURILÂNDIA,VARA JUDICIAL,17262,UJ1
GOIÂNIA,GABINETE DES. EDISON MIGUEL DA SILVA JR,17833,UJ2
GOIÂNIA,5 CÂMARA CÍVEL,17924,UJ2
GOIÂNIA,GABINETE DES. IVO FAVARO,18079,UJ2
GOIÂNIA,GABINETE DES. JEOVA SARDINHA DE MORAES,52590,UJ2
GOIÂNIA,GABINETE DES. JERONYMO PEDRO VILLAS BOAS,52592,UJ2
GOIÂNIA,GABINETE DESA NELMA BRANCO FERREIRA PERILO,52593,UJ2
IPORÁ,"1ª VARA (CÍV., CRIMINAL - CRIME EM GERAL E EXEC. PENAIS - E DA INF. E DA JUVENTUDE)",52603,UJ1
GOIÂNIA,ORGÃO ESPECIAL,52606,UJ2
GOIÂNIA,GABINETE DESA MARIA DAS GRACAS CARNEIRO REQUI,52612,UJ2
GOIÂNIA,GABINETE DES. LUIZ EDUARDO DE SOUSA,52615,UJ2
GOIÂNIA,GABINETE DES. CARLOS ALBERTO FRANCA,52616,UJ2
GOIÂNIA,GABINETE DES. ITAMAR DE LIMA,52618,UJ2
GOIÂNIA,3 CÂMARA CÍVEL,52624,UJ2
GOIÂNIA,1 CÂMARA CÍVEL,52625,UJ2
GOIÂNIA,1 SEÇÃO CÍVEL,52626,UJ2
GOIÂNIA,2 SEÇÃO CÍVEL,52627,UJ2
GOIÂNIA,GABINETE DES. GILBERTO MARQUES FILHO,52628,UJ2
GOIÂNIA,GABINETE DES. CARMECY ROSA MARIA A. DE OLIVEIRA,52629,UJ2
GOIÂNIA,GABINETE DES. NICOMEDES DOMINGOS BORGES,52630,UJ2
GOIÂNIA,GABINETE DES. LUIZ CLAUDIO VEIGA BRAGA,52632,UJ2
GOIÂNIA,GABINETE DES. ITANEY FRANCISCO CAMPOS,52633,UJ2
GOIÂNIA,GABINETE DESA SANDRA REGINA TEODORO REIS,52634,UJ2
GOIÂNIA,11º JUIZADO ESPECIAL CÍVEL,52637,UJ1
GOIÂNIA,GABINETE DES. ZACARIAS NEVES COELHO,52638,UJ2
GOIÂNIA,GABINETE DESA BEATRIZ FIGUEIREDO FRANCO,52639,UJ2
GOIÂNIA,GABINETE DES. REINALDO ALVES FERREIRA,52640,UJ2
GOIÂNIA,GABINETE DES. GERSON SANTANA CINTRA,52641,UJ2
GOIÂNIA,GABINETE DES. ALAN SEBASTIAO DE SENA CONCEICAO,52642,UJ2
GOIÂNIA,GABINETE DES. KISLEU DIAS MACIEL FILHO,52644,UJ2
GOIÂNIA,GABINETE DESA ELIZABETH MARIA DA SILVA,52646,UJ2
GOIATUBA,"1ª VARA (CÍVEL, CRIMINAL - CRIME EM GERAL E EXEC. PENAIS - E DA INF. E DA JUV.)",52647,UJ1
URUAÇU,"1ª VARA (CÍV., CRIMINAL - CRIME EM GERAL E EXEC. PENAIS - E DA INF. E DA JUV.)",52648,UJ1
GOIÂNIA,2ª VARA DE EXECUÇÃO PENAL,52652,UJ1
GOIÂNIA,3ª VARA DA FAZ. PÚB. MUN. E DE REG. PÚB.,52653,UJ1
GOIÂNIA,2º JUÍZO DO NÚCLEO DE JUSTIÇA 4.0 ESPECIALIZADO EM MATÉRIA DE JUIZADO ESPECIAL DA FAZENDA PÚBLICA,52654,UJ1
GOIÂNIA,1 CÂMARA CRIMINAL,52661,UJ2
GOIÂNIA,2 CÂMARA CRIMINAL,52662,UJ2
ÁGUAS LINDAS DE GOIÁS,"1ª VARA DE FAZENDAS PÚBLICAS, REGISTROS PÚBLICOS E AMBIENTAL",73091,UJ1
CRIXÁS,VARA JUDICIAL,73178,UJ1
GOIÂNIA,3ª VARA CRIMINAL DOS CRIMES PUNIDOS COM RECLUSÃO E DETENÇÃO,76689,UJ1
JATAÍ,JUIZADO DE VIOLÊNCIA DOMÉSTICA E FAMILIAR CONTRA A MULHER,77693,UJ1
GOIÂNIA,4ª VARA CRIMINAL DOS CRIMES DOLOSOS CONTRA A VIDA E TRIBUNAL DO JÚRI,77694,UJ1
GOIÂNIA,GABINETE DOS JUÍZES AUXILIARES DA PRESIDÊNCIA,77716,AADJ
GOIÂNIA,PLANTÃO JUDICIAL ESTADUAL,78479,UJ1
GOIÂNIA,4ª VARA DA FAZENDA PÚBLICA ESTADUAL,78732,UJ1
GOIÂNIA,5ª VARA DA FAZENDA PÚBLICA ESTADUAL,78733,UJ1
GOIÂNIA,6ª VARA DA FAZENDA PÚBLICA ESTADUAL,78734,UJ1
GOIÂNIA,4ª VARA DA FAZ. PÚB. MUN. E DE REG. PÚB.,78735,UJ1
GOIÂNIA,3º JUÍZO DO NÚCLEO DE JUSTIÇA 4.0 ESPECIALIZADO EM MATÉRIA DE JUIZADO ESPECIAL DA FAZENDA PÚBLICA,78736,UJ1
GOIÂNIA,20ª VARA CÍVEL,78737,UJ1
GOIÂNIA,21ª VARA CÍVEL,78738,UJ1
GOIÂNIA,22ª VARA CÍVEL,78739,UJ1
GOIÂNIA,23ª VARA CÍVEL,78740,UJ1
GOIÂNIA,24ª VARA CÍVEL E DE ARBITRAGEM,78741,UJ1
GOIÂNIA,25ª VARA CÍVEL,78742,UJ1
GOIÂNIA,26ª VARA CÍVEL,78743,UJ1
GOIÂNIA,27ª VARA CÍVEL,78744,UJ1
GOIÂNIA,28ª VARA CÍVEL,78745,UJ1
GOIÂNIA,29ª VARA CÍVEL,78746,UJ1
GOIÂNIA,30ª VARA CÍVEL,78747,UJ1
GOIÂNIA,31ª VARA CÍVEL,78748,UJ1
GOIÂNIA,1ª VARA CRIMINAL DOS CRIMES PUNIDOS COM RECLUSÃO E DETENÇÃO,78749,UJ1
GOIÂNIA,2ª VARA CRIMINAL DOS CRIMES PUNIDOS COM RECLUSÃO E DETENÇÃO,78750,UJ1
GOIÂNIA,4ª VARA CRIMINAL DOS CRIMES PUNIDOS COM RECLUSÃO E DETENÇÃO,78751,UJ1
GOIÂNIA,9ª VARA CRIMINAL DOS CRIMES PUNIDOS COM RECLUSÃO E DETENÇÃO,78753,UJ1
GOIÂNIA,3ª VARA DE EXECUÇÃO PENAL,78754,UJ1
GOIÂNIA,OUTRAS UNIDADES,78769,AADJ
GOIÂNIA,1ª VARA DE SUCESSÕES,78804,UJ1
GOIÂNIA,1º JUIZADO DA INFÂNCIA E DA JUVENTUDE DAS CAUSAS CÍVEIS E QUESTÕES ADM. AFINS,78884,UJ1
GOIÂNIA,2º JUIZADO DA INFÂNCIA E DA JUVENTUDE DAS CAUSAS INFRACIONAIS QUESTÕES ADM. AFINS,78885,UJ1
ANÁPOLIS,5ª VARA CRIMINAL,78893,UJ1
ANÁPOLIS,JUIZADO DE VIOLÊNCIA DOMÉSTICA E FAMILIAR CONTRA A MULHER,79250,UJ1
APARECIDA DE GOIÂNIA,1º JUIZADO DE VIOLÊNCIA DOMÉSTICA E FAMILIAR CONTRA A MULHER,79270,UJ1
ÁGUAS LINDAS DE GOIÁS,3ª VARA CRIMINAL (CRIMES EM GERAL),79331,UJ1
ANÁPOLIS,VARA REGIONAL DE EXECUÇÃO PENAL,79332,UJ1
APARECIDA DE GOIÂNIA,3º JUIZADO ESPECIAL CÍVEL,79333,UJ1
CALDAS NOVAS,"3ª VARA (CÍVEL, FAZENDA PÚBLICA MUNICIPAL E AMBIENTAL)",79335,UJ1
CALDAS NOVAS,2ª VARA CRIMINAL (CRIMES EM GERAL),79336,UJ1
CALDAS NOVAS,3ª VARA CRIMINAL (CRIMES EM GERAL),79337,UJ1
FORMOSA,3ª VARA CÍVEL E FAMÍLIA E SUCESSÕES,79340,UJ1
FORMOSA,3ª VARA CRIMINAL (CRIMES EM GERAL E VIOLÊNCIA DOMÉSTICA E FAMILIAR CONTRA A MULHER),79341,UJ1
FORMOSA,VARA REGIONAL DE EXECUÇÃO PENAL,79342,UJ1
GOIANÉSIA,"2ª VARA CÍVEL, AMBIENTAL E FAMÍLIA E SUCESSÕES",79343,UJ1
LUZIÂNIA,1° JUIZADO DE VIOLÊNCIA DOMÉSTICA E FAMILIAR CONTRA A MULHER,79348,UJ1
LUZIÂNIA,2ª VARA DE FAMÍLIA E SUCESSÕES,79350,UJ1
SENADOR CANEDO,"2ª VARA CRIMINAL (CRIMES EM GERAL, CRIMES DOLOSOS CONTRA A VIDA E PRESIDÊNCIA DO TRIBUNAL DO JÚRI E CRIMES ENVOLVENDO VIOLÊNCIA DOMÉSTICA",79351,UJ1
TRINDADE,2ª VARA CRIMINAL (CRIMES EM GERAL),79353,UJ1
VALPARAÍSO DE GOIÁS,2ª VARA CRIMINAL (CRIMES EM GERAL),79355,UJ1
GOIÂNIA,2ª TURMA RECURSAL DOS JUIZADOS ESPECIAIS,79426,UJ1
GOIÂNIA,1ª TURMA RECURSAL DOS JUIZADOS ESPECIAIS,79427,UJ1
GOIÂNIA,4ª TURMA RECURSAL DOS JUIZADOS ESPECIAIS,79428,UJ1
GOIÂNIA,3ª TURMA RECURSAL DOS JUIZADOS ESPECIAIS,79429,UJ1
POSSE,"2ª VARA JUDICIAL (FAZENDAS PÚBLICAS, CRIMINAL, EXECUÇÃO PENAL E JUIZADO ESPECIAL CRIMINAL)",79430,UJ1
GOIÂNIA,GABINETE DES. DELINTRO BELO DE ALMEIDA FILHO,79632,UJ2
GOIÂNIA,GABINETE DES. GUILHERME GUTEMBERG ISAC PINTO,79636,UJ2
PLANALTINA,2ª VARA CRIMINAL (CRIMES EM GERAL),79701,UJ1
RIO VERDE,3ª VARA CRIMINAL (CRIMES EM GERAL),79783,UJ1
GOIÂNIA,"1ª VARA DOS FEITOS RELATIVOS A DELITOS PRATICADOS POR ORGANIZAÇÃO CRIMINOSA E DE LAVAGEM OU OCULTAÇÃO DE BENS, DIREITOS E VALORES",81023,UJ1
RIO VERDE,2ª VARA DE FAMÍLIA E SUCESSÕES,81188,UJ1
ITABERAÍ,"2ª VARA CÍVEL, FAMÍLIA E SUCESSÕES, DAS FAZENDAS PÚBLICAS E REGISTROS PÚBLICOS",81236,UJ1
GOIÂNIA,1ª UNIDADE DE PROCESSAMENTO JUDICIAL - UPJ (FAMÍLIA),81414,UJ1
ACREÚNA,"1ª VARA JUDICIAL (FAMÍLIA E SUCESSÕES, INFÂNCIA E JUVENTUDE, CÍVEL E JUIZADO ESPECIAL CÍVEL)",81436,UJ1
ACREÚNA,"2ª VARA JUDICIAL (FAZENDAS PÚBLICAS, CRIMINAL, EXECUÇÃO PENAL E JUIZADO CRIMINAL)",81437,UJ1
ANICUNS,"1ª VARA JUDICIAL (FAMÍLIA E SUCESSÕES, INFÂNCIA E JUVENTUDE, CÍVEL E JUIZADO ESPECIAL CÍVEL)",81438,UJ1
ANICUNS,"2ª VARA JUDICIAL (FAZENDAS PÚBLICAS, CRIMINAL, EXECUÇÃO PENAL E JUIZADO CRIMINAL)",81439,UJ1
ARAGARÇAS,"1ª VARA JUDICIAL (FAMÍLIA E SUCESSÕES, INFÂNCIA E JUVENTUDE, CÍVEL E JUIZADO ESPECIAL CÍVEL)",81440,UJ1
ARAGARÇAS,"2ª VARA JUDICIAL (FAZENDAS PÚBLICAS, CRIMINAL, EXECUÇÃO PENAL E JUIZADO CRIMINAL)",81441,UJ1
BOM JESUS DE GOIÁS,"1ª VARA JUDICIAL (FAMÍLIA E SUCESSÕES, INFÂNCIA E JUVENTUDE, CÍVEL E JUIZADO ESPECIAL CÍVEL)",81442,UJ1
BOM JESUS DE GOIÁS,"2ª VARA JUDICIAL (FAZENDAS PÚBLICAS, CRIMINAL, EXECUÇÃO PENAL E JUIZADO CRIMINAL)",81443,UJ1
CAIAPÔNIA,"1ª VARA JUDICIAL (FAMÍLIA E SUCESSÕES, INFÂNCIA E JUVENTUDE, CÍVEL E JUIZADO ESPECIAL CÍVEL)",81444,UJ1
CAIAPÔNIA,"2ª VARA JUDICIAL (FAZENDAS PÚBLICAS, CRIMINAL, EXECUÇÃO PENAL E JUIZADO CRIMINAL)",81445,UJ1
CAMPOS BELOS,"1ª VARA JUDICIAL (FAMÍLIA E SUCESSÕES, INFÂNCIA E JUVENTUDE, CÍVEL E JUIZADO ESPECIAL CÍVEL)",81446,UJ1
CAMPOS BELOS,"2ª VARA JUDICIAL (FAZENDAS PÚBLICAS, CRIMINAL, EXECUÇÃO PENAL E JUIZADO CRIMINAL)",81447,UJ1
GUAPÓ,"1ª VARA JUDICIAL (FAMÍLIA E SUCESSÕES, INFÂNCIA E JUVENTUDE, CÍVEL E JUIZADO ESPECIAL CÍVEL)",81448,UJ1
GUAPÓ,"2ª VARA JUDICIAL (FAZENDAS PÚBLICAS, CRIMINAL, EXECUÇÃO PENAL E JUIZADO CRIMINAL)",81449,UJ1
ITAPURANGA,"1ª VARA JUDICIAL (FAMÍLIA E SUCESSÕES, INFÂNCIA E JUVENTUDE, CÍVEL E JUIZADO ESPECIAL CÍVEL)",81450,UJ1
ITAPURANGA,"2ª VARA JUDICIAL (FAZENDAS PÚBLICAS, CRIMINAL, EXECUÇÃO PENAL E JUIZADO CRIMINAL)",81451,UJ1
JUSSARA,"1ª VARA JUDICIAL (FAMÍLIA E SUCESSÕES, INFÂNCIA E JUVENTUDE, CÍVEL E JUIZADO ESPECIAL CÍVEL)",81452,UJ1
JUSSARA,"2ª VARA JUDICIAL (FAZENDAS PÚBLICAS, CRIMINAL, EXECUÇÃO PENAL E JUIZADO CRIMINAL)",81453,UJ1
MOZARLÂNDIA,"1ª VARA JUDICIAL (FAMÍLIA E SUCESSÕES, INFÂNCIA E JUVENTUDE, CÍVEL E JUIZADO ESPECIAL CÍVEL)",81454,UJ1
MOZARLÂNDIA,"2ª VARA JUDICIAL (FAZENDAS PÚBLICAS, CRIMINAL, EXECUÇÃO PENAL E JUIZADO CRIMINAL)",81455,UJ1
PADRE BERNARDO,"1ª VARA JUDICIAL (FAMÍLIA E SUCESSÕES, INFÂNCIA E JUVENTUDE, CÍVEL E JUIZADO ESPECIAL CÍVEL)",81456,UJ1
PADRE BERNARDO,"2ª VARA JUDICIAL (FAZENDAS PÚBLICAS, CRIMINAL, EXECUÇÃO PENAL E JUIZADO CRIMINAL)",81457,UJ1
PIRACANJUBA,"1ª VARA JUDICIAL (FAMÍLIA E SUCESSÕES, INFÂNCIA E JUVENTUDE, CÍVEL E JUIZADO ESPECIAL CÍVEL)",81458,UJ1
PIRACANJUBA,"2ª VARA JUDICIAL (FAZENDAS PÚBLICAS, CRIMINAL, EXECUÇÃO PENAL E JUIZADO CRIMINAL)",81459,UJ1
PIRENÓPOLIS,"1ª VARA JUDICIAL (FAMÍLIA E SUCESSÕES, INFÂNCIA E JUVENTUDE, CÍVEL E JUIZADO ESPECIAL CÍVEL)",81460,UJ1
PIRENÓPOLIS,"2ª VARA JUDICIAL (FAZENDAS PÚBLICAS, CRIMINAL, EXECUÇÃO PENAL E JUIZADO CRIMINAL)",81461,UJ1
PIRES DO RIO,"1ª VARA JUDICIAL (FAMÍLIA E SUCESSÕES, INFÂNCIA E JUVENTUDE, CÍVEL E JUIZADO ESPECIAL CÍVEL)",81462,UJ1
PIRES DO RIO,"2ª VARA JUDICIAL (FAZENDAS PÚBLICAS, CRIMINAL, EXECUÇÃO PENAL E JUIZADO CRIMINAL)",81463,UJ1
SÃO MIGUEL DO ARAGUAIA,"1ª VARA JUDICIAL (FAMÍLIA E SUCESSÕES, INFÂNCIA E JUVENTUDE, CÍVEL E JUIZADO ESPECIAL CÍVEL)",81464,UJ1
SÃO MIGUEL DO ARAGUAIA,"2ª VARA JUDICIAL (FAZENDAS PÚBLICAS, CRIMINAL, EXECUÇÃO PENAL E JUIZADO CRIMINAL)",81465,UJ1
GOIÂNIA,2ª VARA DE SUCESSÕES,81653,UJ1
CATALÃO,1ª VARA DE FAMÍLIA E SUCESSÕES,82287,UJ1
ANÁPOLIS,3ª VARA DE FAMÍLIA E SUCESSÕES,82343,UJ1
GOIÂNIA,GABINETE DES. ANDERSON MÁXIMO DE HOLANDA,82459,UJ2
GOIÂNIA,"2ª VARA DOS FEITOS RELATIVOS A DELITOS PRATICADOS POR ORGANIZAÇÃO CRIMINOSA E DE LAVAGEM OU OCULTAÇÃO DE BENS, DIREITOS E VALORES",82495,UJ1
GOIÂNIA,GABINETE DES. MAURÍCIO PORFÍRIO ROSA,82623,UJ2
GOIÂNIA,GABINETE DES. FERNANDO DE CASTRO MESQUITA,82978,UJ2
GOIÂNIA,GABINETE DES. WILSON SAFATLE FAIAD,82979,UJ2
GOIÂNIA,PLANTAO JUDICIAL DE 2º GRAU,83137,UJ2
ITABERAÍ,"VARA CRIMINAL (CRIMES EM GERAL, CRIMES DOLOSOS CONTRA A VIDA E PRES. DO TRIB. DO JÚRI EXECUÇÃO PENAL) E JUIZADO ESPECIAL CRIMINAL",83217,UJ1
GOIÂNIA,GABINETE DES. FABIO CRISTOVAO DE CAMPOS FARIA,83227,UJ2
GOIÂNIA,1º NÚCLEO DE JUSTIÇA 4.0,83362,UJ1
GOIÂNIA,2º NÚCLEO DE JUSTIÇA 4.0,83363,UJ1
GOIÂNIA,PLANTÃO DA MACRO 01 - AUDIÊNCIA DE CUSTÓDIA,83367,UJ1
GOIÂNIA,CENTRAL DE PROCESSAMENTO ELETRONICO,83622,UJ1
GOIÂNIA,1° CENTRO JUDICIÁRIO DE SOLUÇÃO DE CONFLITOS E CIDADANIA,83724,UJ1
GOIÂNIA,2° CENTRO JUDICIÁRIO DE SOLUÇÃO DE CONFLITOS E CIDADANIA,83725,UJ1
GOIÂNIA,3° CENTRO JUDICIÁRIO DE SOLUÇÃO DE CONFLITOS E CIDADANIA,83726,UJ1
GOIÂNIA,4° CENTRO JUDICIÁRIO DE SOLUÇÃO DE CONFLITOS E CIDADANIA,83727,UJ1
GOIÂNIA,5° CENTRO JUDICIÁRIO DE SOLUÇÃO DE CONFLITOS E CIDADANIA,83728,UJ1
GOIÂNIA,6º CENTRO JUDICIÁRIO DE SOLUÇÃO DE CONFLITOS E CIDADANIA,83729,UJ1
GOIÂNIA,7º CENTRO JUDICIÁRIO DE SOLUÇÃO DE CONFLITOS E CIDADANIA,83730,UJ1
GOIÂNIA,8º CENTRO JUDICIÁRIO DE SOLUÇÃO DE CONFLITOS E CIDADANIA,83732,UJ1
GOIÂNIA,9º CENTRO JUDICIÁRIO DE SOLUÇÃO DE CONFLITOS E CIDADANIA,83733,UJ1
GOIÂNIA,10º CENTRO JUDICIÁRIO DE SOLUÇÃO DE CONFLITOS E CIDADANIA,83734,UJ2
GOIÂNIA,11º CENTRO JUDICIÁRIO DE SOLUÇÃO DE CONFLITOS E CIDADANIA,83735,UJ1
GOIÂNIA,12º CENTRO JUDICIÁRIO DE SOLUÇÃO DE CONFLITOS E CIDADANIA,83736,UJ1
GOIÂNIA,13º CENTRO JUDICIÁRIO DE SOLUÇÃO DE CONFLITOS E CIDADANIA,83737,UJ1
GOIÂNIA,14º CENTRO JUDICIÁRIO DE SOLUÇÃO DE CONFLITOS E CIDADANIA,83738,UJ1
ANICUNS,CENTRO JUDICIÁRIO DE SOLUÇÃO DE CONFLITOS E CIDADANIA,83739,UJ1
APARECIDA DE GOIÂNIA,1º CEJUSC - PRÉ-PROCESSUAL,83740,UJ1
APARECIDA DE GOIÂNIA,2º CEJUSC - PRÉ-PROCESSUAL,83741,UJ1
GOIANIRA,CEJUSC - PRÉ-PROCESSUAL,83743,UJ1
GUAPÓ,1º CEJUSC - PRÉ-PROCESSUAL,83744,UJ1
HIDROLÂNDIA,1º CEJUSC,83745,UJ1
JANDAIA,1º CEJUSC,83747,UJ1
SENADOR CANEDO,CENTRO JUDICIÁRIO DE SOLUÇÃO DE CONFLITOS E CIDADANIA,83748,UJ1
TRINDADE,CEJUSC - PRÉ-PROCESSUAL,83749,UJ1
ANÁPOLIS,1º CENTRO JUDICIÁRIO DE SOLUÇÃO DE CONFLITOS E CIDADANIA,83750,UJ1
ANÁPOLIS,2º CENTRO JUDICIÁRIO DE SOLUÇÃO DE CONFLITOS E CIDADANIA,83751,UJ1
ANÁPOLIS,3º CENTRO JUDICIÁRIO DE SOLUÇÃO DE CONFLITOS E CIDADANIA,83752,UJ1
ANÁPOLIS,4º CEJUSC - PRÉ-PROCESSUAL,83753,UJ1
ANÁPOLIS,5º CENTRO JUDICIÁRIO DE SOLUÇÃO DE CONFLITOS E CIDADANIA,83754,UJ1
COCALZINHO DE GOIÁS,CENTRO JUDICIÁRIO DE SOLUÇÃO DE CONFLITOS E CIDADANIA,83755,UJ1
PIRENÓPOLIS,CENTRO JUDICIÁRIO DE SOLUÇÃO DE CONFLITOS E CIDADANIA,83756,UJ1
VIANÓPOLIS,1º CEJUSC - PRÉ-PROCESSUAL,83758,UJ1
BURITI ALEGRE,CEJUSC - PRÉ-PROCESSUAL,83759,UJ1
GOIATUBA,CEJUSC - PRÉ-PROCESSUAL,83760,UJ1
ITUMBIARA,1º CEJUSC - PRÉ-PROCESSUAL,83761,UJ1
ITUMBIARA,2º CENTRO JUDICIÁRIO DE SOLUÇÃO DE CONFLITOS E CIDADANIA,83762,UJ1
CAMPOS BELOS,1º CEJUSC - PRÉ-PROCESSUAL,83764,UJ1
JATAÍ,1º CEJUSC - PRÉ-PROCESSUAL,83765,UJ1
JATAÍ,2º CENTRO JUDICIÁRIO DE SOLUÇÃO DE CONFLITOS E CIDADANIA,83766,UJ1
MINEIROS,1º CENTRO JUDICIÁRIO DE SOLUÇÃO DE CONFLITOS E CIDADANIA,83767,UJ1
MINEIROS,2º CENTRO JUDICIÁRIO DE SOLUÇÃO DE CONFLITOS E CIDADANIA,83768,UJ1
QUIRINÓPOLIS,CEJUSC,83769,UJ1
RIO VERDE,1º CEJUSC - PRÉ-PROCESSUAL,83770,UJ1
SENADOR CANEDO,1ª VARA CRIMINAL (CRIMES EM GERAL E EXECUÇÕES PENAIS),83771,UJ1
ALTO PARAÍSO DE GOIÁS,CENTRO JUDICIÁRIO DE SOLUÇÃO DE CONFLITOS E CIDADANIA,83772,UJ1
CAVALCANTE,CENTRO JUDICIÁRIO DE SOLUÇÃO DE CONFLITOS E CIDADANIA,83773,UJ1
FORMOSA,CEJUSC - PRÉ-PROCESSUAL,83774,UJ1
PADRE BERNARDO,CEJUSC - PRÉ-PROCESSUAL,83775,UJ1
PLANALTINA,CEJUSC - PRÉ-PROCESSUAL,83776,UJ1
POSSE,1º CEJUSC - PRÉ-PROCESSUAL,83777,UJ1
ÁGUAS LINDAS DE GOIÁS,1º CENTRO JUDICIÁRIO DE SOLUÇÃO DE CONFLITOS E CIDADANIA,83778,UJ1
ÁGUAS LINDAS DE GOIÁS,2º CENTRO JUDICIÁRIO DE SOLUÇÃO DE CONFLITOS E CIDADANIA,83779,UJ1
ALEXÂNIA,CENTRO JUDICIÁRIO DE SOLUÇÃO DE CONFLITOS E CIDADANIA,83780,UJ1
CIDADE OCIDENTAL,1º CENTRO JUDICIÁRIO DE SOLUÇÃO DE CONFLITOS E CIDADANIA,83781,UJ1
CIDADE OCIDENTAL,2º CEJUSC - PRÉ-PROCESSUAL,83782,UJ1
CIDADE OCIDENTAL,3º CENTRO JUDICIÁRIO DE SOLUÇÃO DE CONFLITOS E CIDADANIA,83783,UJ1
CRISTALINA,CENTRO JUDICIÁRIO DE SOLUÇÃO DE CONFLITOS E CIDADANIA,83785,UJ1
LUZIÂNIA,1º CENTRO JUDICIÁRIO DE SOLUÇÃO DE CONFLITOS E CIDADANIA,83786,UJ1
NOVO GAMA,1º CEJUSC - PRÉ-PROCESSUAL,83788,UJ1
SANTO ANTÔNIO DO DESCOBERTO,1º CEJUSC - PRÉ-PROCESSUAL,83789,UJ1
VALPARAÍSO DE GOIÁS,CENTRO JUDICIÁRIO DE SOLUÇÃO DE CONFLITOS E CIDADANIA,83790,UJ1
GOIÁS,CENTRO JUDICIÁRIO DE SOLUÇÃO DE CONFLITOS E CIDADANIA,83791,UJ1
ITABERAÍ,CENTRO JUDICIÁRIO DE SOLUÇÃO DE CONFLITOS E CIDADANIA,83792,UJ1
JUSSARA,1º CEJUSC - PRÉ-PROCESSUAL,83793,UJ1
MOZARLÂNDIA,CEJUSC,83794,UJ1
CALDAS NOVAS,1º CENTRO JUDICIÁRIO DE SOLUÇÃO DE CONFLITOS E CIDADANIA,83795,UJ1
CALDAS NOVAS,2º CENTRO JUDICIÁRIO DE SOLUÇÃO DE CONFLITOS E CIDADANIA,83796,UJ1
CALDAS NOVAS,3º CENTRO JUDICIÁRIO DE SOLUÇÃO DE CONFLITOS E CIDADANIA,83797,UJ1
CALDAS NOVAS,4º CENTRO JUDICIÁRIO DE SOLUÇÃO DE CONFLITOS E CIDADANIA,83798,UJ1
CATALÃO,CENTRO JUDICIÁRIO DE SOLUÇÃO DE CONFLITOS E CIDADANIA,83799,UJ1
CORUMBAÍBA,CENTRO JUDICIÁRIO DE SOLUÇÃO DE CONFLITOS E CIDADANIA,83800,UJ1
IPAMERI,CENTRO JUDICIÁRIO DE SOLUÇÃO DE CONFLITOS E CIDADANIA,83801,UJ1
ORIZONA,CENTRO JUDICIÁRIO DE SOLUÇÃO DE CONFLITOS E CIDADANIA,83802,UJ1
PIRES DO RIO,CENTRO JUDICIÁRIO DE SOLUÇÃO DE CONFLITOS E CIDADANIA,83803,UJ1
ARAGARÇAS,1º CEJUSC - PRÉ-PROCESSUAL,83804,UJ1
IPORÁ,CENTRO JUDICIÁRIO DE SOLUÇÃO DE CONFLITOS E CIDADANIA,83805,UJ1
PARAÚNA,CENTRO JUDICIÁRIO DE SOLUÇÃO DE CONFLITOS E CIDADANIA,83806,UJ1
PIRANHAS,1º CEJUSC - PRÉ-PROCESSUAL,83807,UJ1
SÃO LUÍS DE MONTES BELOS,CENTRO JUDICIÁRIO DE SOLUÇÃO DE CONFLITOS E CIDADANIA,83808,UJ1
CERES,CENTRO JUDICIÁRIO DE SOLUÇÃO DE CONFLITOS E CIDADANIA,83809,UJ1
GOIANÉSIA,CENTRO JUDICIÁRIO DE SOLUÇÃO DE CONFLITOS E CIDADANIA,83810,UJ1
RUBIATABA,CENTRO JUDICIÁRIO DE SOLUÇÃO DE CONFLITOS E CIDADANIA,83811,UJ1
PORANGATU,CENTRO JUDICIÁRIO DE SOLUÇÃO DE CONFLITOS E CIDADANIA,83812,UJ1
SÃO MIGUEL DO ARAGUAIA,CEJUSC,83813,UJ1
URUAÇU,1º CEJUSC - PRÉ-PROCESSUAL,83815,UJ1
CATALÃO,1ª VARA CRIMINAL (CRIMES EM GERAL E EXECUÇÕES PENAIS),83858,UJ1
CATALÃO,"2ª VARA CRIMINAL (CRIMES EM GERAL, CRIMES DOLOSOS CONTRA A VIDA E PRESIDÊNCIA DO TRIBUNAL DO JÚRI E CRIMES ENVOLVENDO VIOLÊNCIA DOMÉSTICA)",83859,UJ1
FORMOSA,"VARA DE FAZENDAS PÚBLICAS, REGISTROS PÚBLICOS E AMBIENTAL",83860,UJ1
GOIÂNIA,COORDENADORIA JUDICIARIA - GOIÂNIA,83922,AADJ
GOIÂNIA,DIRETORIA DO FORO - GOIÂNIA,83923,AADJ
GOIÂNIA,ASSESSORIA CORREICIONAL DA CGJ,83924,AADJ
GOIANÉSIA,"2ª VARA CRIMINAL (CRIMES EM GERAL, CRIMES DOLOSOS CONTRA A VIDA E PRESIDÊNCIA DO TRIBUNAL DO JÚRI E CRIMES ENVOLVENDO VIOLÊNCIA DOMÉSTICA)",83930,UJ1
ITUMBIARA,VARA DE FAZENDAS PÚBLICAS E DE REGISTROS PÚBLICOS,83931,UJ1
GOIÂNIA,4º JUÍZO DO NÚCLEO DE JUSTIÇA 4.0 ESPECIALIZADO EM MATÉRIA DE JUIZADO ESPECIAL DA FAZENDA PÚBLICA,84070,UJ1
GOIANÉSIA,1ª VARA CRIMINAL (CRIMES EM GERAL E EXECUÇÕES PENAIS),84077,UJ1
GOIÂNIA,1º JUÍZO DO NÚCLEO DE JUSTIÇA 4.0 ESPECIALIZADO EM MATÉRIA DE JUIZADO ESPECIAL DA FAZENDA PÚBLICA,84079,UJ1
GOIÂNIA,1º NÚCLEO DE JUSTIÇA 4.0 PERMANENTE,84088,UJ1
GOIÂNIA,7ª CÂMARA CÍVEL,84091,UJ2
GOIÂNIA,3ª CÂMARA CRIMINAL,84092,UJ2
RIALMA,CENTRO JUDICIÁRIO DE SOLUÇÃO DE CONFLITOS E CIDADANIA,84121,UJ1
APARECIDA DE GOIÂNIA,3ª VARA DE FAMÍLIA E SUCESSÕES,84185,UJ1
HIDROLÂNDIA,"2ª VARA JUDICIAL (FAZENDAS PÚBLICAS, CRIMINAL, EXECUÇÃO PENAL E JUIZADO CRIMINAL)",84193,UJ1
GOIÂNIA,"1ª VARA CRIMINAL DOS CRIMES CONTRA VÍTIMAS HIPERVULNERÁVEIS (CRIANÇAS E ADOLESCENTES, PESSOAS COM DEFICIÊNCIA E IDOSOS) E CRIMES DE TRÂNSITO",84207,UJ1
GOIÂNIA,"2ª VARA CRIMINAL DOS CRIMES CONTRA VÍTIMAS HIPERVULNERÁVEIS (CRIANÇAS E ADOLESCENTES, PESSOAS COM DEFICIÊNCIA E IDOSOS) E CRIMES DE TRÂNSITO",84208,UJ1
GOIÂNIA,7ª VARA DE FAMÍLIA,84209,UJ1
APARECIDA DE GOIÂNIA,1ª UNIDADE DE PROCESSAMENTO JUDICIAL DAS VARAS DE FAMÍLIA E SUCESSÕES,84253,UJ1
RUBIATABA,"2ª VARA JUDICIAL (FAZENDAS PÚBLICAS, CRIMINAL, EXECUÇÃO PENAL E JUIZADO CRIMINAL)",84265,UJ1
RUBIATABA,"1ª VARA JUDICIAL (FAMÍLIA E SUCESSÕES, INFÂNCIA E JUVENTUDE, CÍVEL E JUIZADO ESPECIAL CÍVEL)",84266,UJ1
GOIÂNIA,GABINETE MILITAR DO PODER JUDICIARIO,84340,AADJ
GOIÂNIA,2ª UNIDADE DE PROCESSAMENTO JURISDICIONAL DAS VARAS CRIMINAIS DOS CRIMES PUNIDOS COM RECLUSÃO,84341,UJ1
GOIÂNIA,1ª UNIDADE DE PROCESSAMENTO JURISDICIONAL (UPJ) DAS VARAS DE CRIMES PUNIDOS COM RECLUSÃO E DETENÇÃO,84342,UJ1
LUZIÂNIA,1ª UNIDADE DE PROCESSAMENTO JUDICIAL DE FAMÍLIA E SUCESSÕES,84464,UJ1
GOIÂNIA,"UPJ DOS FEITOS RELATIVOS A DELITOS PRATICADOS POR ORGANIZACAO CRIMINOSA E DE LAVAGEM OU OCULTACAO DE BENS, DIREITOS E VALORES",84473,UJ1
GOIÂNIA,JUIZADO DO TORCEDOR,84483,UJ1
JARAGUÁ,"VARA CÍVEL, INFÂNCIA E JUVENTUDE E JUIZADO ESPECIAL CÍVEL",84484,UJ1
JARAGUÁ,VARA DAS FAZENDAS PÚBLICAS E REGISTRO PÚBLICO E DE FAMÍLIA E SUCESSÕES,84485,UJ1
JARAGUÁ,"VARA CRIMINAL (CRIME EM GERAL, CRIMES DOLOSOS CONTRA A VIDA E PRES. DO TRIB. DO JÚRI - EXECUÇÃO PENAL) E JUIZADO ESPECIAL CRIMINAL",84486,UJ1
APARECIDA DE GOIÂNIA,"1ª VARA CRIMINAL DOS CRIMES DOLOSOS CONTRA A VIDA, TRIBUNAL DO JÚRI E EXECUÇÕES PENAIS (PRIVATIVAS DE LIBERDADE EM REGIME ABERTO)",84491,UJ1
APARECIDA DE GOIÂNIA,4ª VARA CRIMINAL,84492,UJ1
GOIÂNIA,"UNIDADE DE PROCESSAMENTO JURISDICIONAL (UPJ) DAS VARAS CRIMINAIS DOS CRIMES APENADOS COM DETENÇÃO, CRIMES DE TRÂNSITO, CRIMES CONTRA A ORDEM TRIBUTÁRIA E CRIMES CONTRA VÍTIMAS HIPERVULNERÁVEIS (CRIANÇAS E ADOLESCENTES, PESSOAS COM DEFICIÊNCIA, IDOSOS)",84566,UJ1
GOIÂNIA,NÚCLEO DE JUSTIÇA RESTAURATIVA - NUCJUR,84567,AADJ
APARECIDA DE GOIÂNIA,2ª UNIDADE DE PROCESSAMENTO JURISDICIONAL DAS VARAS CRIMINAIS,84568,UJ1
GOIÂNIA,CENTRAL DE CUSTÓDIA ESTADUAL,84621,UJ1
VALPARAÍSO DE GOIÁS,"1ª VARA CRIMINAL (CRIMES DOLOSOS CONTRA A VIDA E PRESIDÊNCIA DO TRIBUNAL DO JÚRI, EXECUÇÃO PENAL E CRIMES ENVOLVENDO VIOLÊNCIA DOMÉSTICA)",84640,UJ1
NOVO GAMA,"2ª VARA (CÍVEL, DAS FAZENDAS PÚBLICAS, DE REGISTROS PÚBLICOS E AMBIENTAL) E JUIZADO ESPECIAL CÍVEL",84641,UJ1
NOVO GAMA,"1ª VARA CRIMINAL (CRIMES EM GERAL, CRIMES DOLOSOS CONTRA A VIDA E EXECUÇÃO PENAL) E JUIZADO ESPECIAL CRIMINAL",84642,UJ1
NOVO GAMA,2ª VARA CRIMINAL (CRIMES EM GERAL E CRIMES ENVOLVENDO VIOLÊNCIA DOMÉSTICA),84643,UJ1
GOIÂNIA,GABINETE DESA. LÍLIA MÔNICA DE CASTRO BORGES ESCHER,84688,UJ2
GOIÂNIA,GABINETE DES. ROBERTO HORACIO REZENDE,84689,UJ2
GOIÂNIA,GABINETE DESA. CAMILA NINA ERBETTA NASCIMENTO E MOURA,84690,UJ2
GOIÂNIA,GABINETE DES. SEBASTIAO LUIZ FLEURY,84714,UJ2
GOIÂNIA,GABINETE DESA. DORACI LAMAR ROSA DA SILVA ANDRADE,84715,UJ2
GOIÂNIA,GABINETE DES. SERGIO MENDONÇA DE ARAÚJO,84716,UJ2
GOIÂNIA,GABINETE DESA. ANA CRISTINA RIBEIRO PETERNELLA FRANÇA,84717,UJ2
GOIÂNIA,GABINETE DES. FABIANO ABEL DE ARAGÃO FERNANDES,84718,UJ2
GOIÂNIA,GABINETE DE JUIZ AUXILIAR,84721,AADJ
GOIÂNIA,GABINETE DES. ELISEU JOSE TAVEIRA VIEIRA,84727,UJ2
GOIÂNIA,GABINETE DES. VICENTE LOPES DA ROCHA JÚNIOR,84728,UJ2
RIO VERDE,UNIDADE DE PROCESSAMENTO JUDICIAL DE FAMÍLIA E SUCESSÕES,84751,UJ1
APARECIDA DE GOIÂNIA,3ª UNIDADE DE PROCESSAMENTO JUDICIAL DAS VARAS CÍVEIS,84848,UJ1
GOIÂNIA,1ª UNIDADE DE PROCESSAMENTO JURISDICIONAL (UPJ) DAS VARAS CÍVEIS,84905,UJ1
GOIÂNIA,2ª UNIDADE DE PROCESSAMENTO JURISDICIONAL (UPJ) DAS VARAS CÍVEIS E DE ARBITRAGEM,84906,UJ1
JARAGUÁ,3ª UNIDADE JURISDICIONAL SIMPLIFICADA,85121,UJ1
NERÓPOLIS,"1ª VARA JUDICIAL (FAMÍLIA E SUCESSÕES, INFÂNCIA E JUVENTUDE, CÍVEL E JUIZADO ESPECIAL CÍVEL)",85134,UJ1
NERÓPOLIS,"2ª VARA JUDICIAL (FAZENDAS PÚBLICAS, CRIMINAL, EXECUÇÃO PENAL E JUIZADO CRIMINAL)",85135,UJ1
GOIÂNIA,PLANTÃO DA MACRO 01 - INFÂNCIA E JUVENTUDE,85139,UJ1
FORMOSA,1ª UNIDADE DE PROCESSAMENTO JURISDICIONAL DAS VARAS CRIMINAIS,85347,UJ1
APARECIDA DE GOIÂNIA,3º CENTRO JUDICIÁRIO DE SOLUÇÃO DE CONFLITOS E CIDADANIA,85407,UJ1
GOIÂNIA,CUSTÓDIA ÁGIL ESTADUAL,85714,UJ1
GOIÂNIA,GABINETE DES. SILVANIO DIVINO DE ALVARENGA,85789,UJ2
GOIÂNIA,3ª UNIDADE DE PROCESSAMENTO JURISDICIONAL (UPJ) DAS VARAS CÍVEIS,85793,UJ1
GOIÂNIA,4ª UNIDADE DE PROCESSAMENTO JURISDICIONAL (UPJ) DAS VARAS CÍVEIS E AMBIENTAIS,85795,UJ1
GOIÂNIA,6ª VARA CRIMINAL DOS CRIMES PUNIDOS COM RECLUSÃO E DETENÇÃO,85801,UJ1
GOIÂNIA,NÚCLEO VIRTUAL DE CONCILIAÇÃO E MEDIAÇÃO DO INTERIOR,85802,AADJ
GOIÂNIA,CENTRAL ESTADUAL DE EXPEDIÇÃO DE ALVARÁS - CEAGO,85876,UJ1
CATALÃO,1ª VARA CÍVEL,86175,UJ1
CATALÃO,2ª VARA CÍVEL,86176,UJ1
CATALÃO,VARA DE FAZENDAS PÚBLICAS E REGISTROS PÚBLICOS,86177,UJ1
JATAÍ,1ª VARA CÍVEL,86274,UJ1
JATAÍ,2ª VARA CÍVEL,86275,UJ1
JATAÍ,"VARA DE FAZENDAS PÚBLICAS, REGISTROS PÚBLICOS E INFÂNCIA E JUVENTUDE",86276,UJ1
JATAÍ,VARA DE FAMÍLIA E SUCESSÕES,86277,UJ1
TRINDADE,VARA DE FAZENDAS PÚBLICAS E REGISTROS PÚBLICOS,86454,UJ1
TRINDADE,2ª VARA CÍVEL E AMBIENTAL,86456,UJ1
TRINDADE,VARA DE FAMÍLIA E SUCESSÕES,86457,UJ1
GOIÂNIA,DIRETORIA DE TECNOLOGIA DA INFORMAÇÃO,86489,AADJ
GOIÂNIA,5ª UNIDADE DE PROCESSAMENTO JURISDICIONAL (UPJ) DAS VARAS CÍVEIS,86593,UJ1
GOIÂNIA,6ª UNIDADE DE PROCESSAMENTO JURISDICIONAL (UPJ) DAS VARAS CÍVEIS,86594,UJ1
GOIÂNIA,GRUPO DE MONITORAMENTO E FISCALIZAÇAO DO SISTEMA CARCERARIO DO ESTADO DE GOIAS - GMF,86636,AADJ
VALPARAÍSO DE GOIÁS,2º CENTRO JUDICIÁRIO DE SOLUÇÃO DE CONFLITOS E CIDADANIA,86657,UJ1
GOIÂNIA,NÚCLEO DE JUSTIÇA 4.0 - EXECUÇÃO FISCAL,86699,UJ1
GOIÂNIA,UNIDADE DE PROCESSAMENTO JUDICIAL (UPJ) DAS VARAS DA FAZENDA PÚBLICA ESTADUAL,87009,UJ1
GOIÂNIA,UNIDADE DE PROCESSAMENTO JURISDICIONAL (UPJ) DAS VARAS DA FAZENDA PÚBLICA MUNICIPAL E DE REGISTROS PÚBLICOS,87010,UJ1
ANÁPOLIS,1º CENTRO JUDICIÁRIO DE SOLUÇÃO DE CONFLITOS E CIDADANIA - PROCON,87020,UJ1
GOIÂNIA,1ª UNIDADE DE PROCESSAMENTO JURISDICIONAL (UPJ) DOS JUIZADOS ESPECIAIS CÍVEIS,87034,UJ1
GOIÂNIA,2ª UNIDADE DE PROCESSAMENTO JURISDICIONAL (UPJ) DOS JUIZADOS ESPECIAIS CÍVEIS,87035,UJ1
GOIÂNIA,UPJ DE SUCESSÕES,87138,UJ1
GOIÂNIA,3º JUIZADO ESPECIAL CRIMINAL,87275,UJ1
GOIÂNIA,7ª VARA DA FAZENDA PÚBLICA ESTADUAL,87285,UJ1
GOIÂNIA,8ª VARA DE FAMÍLIA,87286,UJ1
GOIÂNIA,32ª VARA CÍVEL,87302,UJ1
GOIÂNIA,5ª VARA DA FAZENDA PÚBLICA MUNICIPAL E DE REGISTROS PÚBLICOS - EXECUÇÃO FISCAL,87304,UJ1
APARECIDA DE GOIÂNIA,6ª VARA CÍVEL,87308,UJ1
APARECIDA DE GOIÂNIA,"2ª VARA CRIMINAL DOS CRIMES DOLOSOS CONTRA A VIDA, TRIBUNAL DO JÚRI E EXECUÇÕES PENAIS (RESTRITIVAS DE DIREITO, ALTERNATIVAS E DE MULTA)",87309,UJ1
APARECIDA DE GOIÂNIA,2º JUIZADO DE VIOLÊNCIA DOMÉSTICA E FAMILIAR CONTRA A MULHER,87310,UJ1
SENADOR CANEDO,VARA DE FAZENDAS PÚBLICAS REGISTROS PÚBLICOS E AMBIENTAL,87312,UJ1
SENADOR CANEDO,VARA DE FAMÍLIA SUCESSÕES E INFÂNCIA E JUVENTUDE,87313,UJ1
CALDAS NOVAS,2º JUIZADO ESPECIAL CÍVEL E CRIMINAL,87314,UJ1
TRINDADE,3ª VARA CRIMINAL (CRIMES EM GERAL),87315,UJ1
LUZIÂNIA,2º JUIZADO DE VIOLÊNCIA DOMÉSTICA E FAMILIAR CONTRA A MULHER,87316,UJ1
ÁGUAS LINDAS DE GOIÁS,"2ª VARA DE FAZENDAS PÚBLICAS, REGISTROS PÚBLICOS E AMBIENTAL",87318,UJ1
ÁGUAS LINDAS DE GOIÁS,JUIZADO DE VIOLÊNCIA DOMÉSTICA E FAMILIAR CONTRA A MULHER,87319,UJ1
MINEIROS,2ª VARA CRIMINAL,87320,UJ1
CATALÃO,2ª VARA DE FAMÍLIA E DA INFÂNCIA E DA JUVENTUDE,87321,UJ1
RIO VERDE,4ª VARA CRIMINAL (CRIMES DOLOSOS CONTRA A VIDA E PRESIDÊNCIA DO TRIBUNAL DO JÚRI),87322,UJ1
GOIANIRA,VARA CRIMINAL,87323,UJ1
PORANGATU,VARA CRIMINAL,87324,UJ1
GOIÂNIA,UNIDADE DE PROCESSAMENTO JURISDICIONAL (UPJ) DOS JUIZADOS ESPECIAIS CRIMINAIS,87370,UJ1
GOIÂNIA,GABINETE DES. ADEGMAR JOSÉ FERREIRA,87383,UJ2
GOIÂNIA,GABINETE DES. JOSÉ PROTO DE OLIVEIRA,87384,UJ2
GOIÂNIA,GABINETE DES. WILTON MÜLLER SALOMÃO,87385,UJ2
GOIÂNIA,GABINETE DESA. JULIANA PEREIRA DINIZ PRUDENTE,87386,UJ2
GOIÂNIA,GABINETE DES. AURELIANO ALBUQUERQUE AMORIM,87387,UJ2
GOIÂNIA,GABINETE DES. SIVAL GUERRA PIRES,87388,UJ2
GOIÂNIA,GABINETE DES. JOSÉ CARLOS DUARTE,87389,UJ2
GOIÂNIA,GABINETE DES. ADRIANO ROBERTO LINHARES CAMARGO,87390,UJ2
GOIÂNIA,GABINETE DES. BRENO BOSS CACHAPUZ CAIADO,87391,UJ2
GOIÂNIA,GABINETE DES. RODRIGO DE SILVEIRA,87392,UJ2
GOIÂNIA,GABINETE DES. ALTAMIRO GARCIA FILHO,87393,UJ2
GOIÂNIA,GABINETE DES. PAULO CÉSAR ALVES DAS NEVES,87394,UJ2
GOIÂNIA,GABINETE DESA. ALICE TELES DE OLIVEIRA,87395,UJ2
FORMOSA,2ª UNIDADE DE PROCESSAMENTO JURISDICIONAL (UPJ) DAS VARAS CÍVEIS,87396,UJ1
GOIÂNIA,GABINETE DES. EDUARDO ABDON MOURA,87397,UJ2
FORMOSA,3ª UNIDADE DE PROCESSAMENTO JURISDICIONAL (UPJ) DAS VARAS DE FAMÍLIA E SUCESSÕES,87398,UJ1
GOIÂNIA,GABINETE DES. WILSON DA SILVA DIAS,87399,UJ2
GOIÂNIA,GABINETE DES. JOSÉ RICARDO MARCOS MACHADO,87400,UJ2
GOIÂNIA,GABINETE DES. ÁTILA NAVES AMARAL,87401,UJ2
GOIÂNIA,GABINETE DES. RONNIE PAES SANDRE,87402,UJ2
GOIÂNIA,GABINETE DES. FERNANDO BRAGA VIGGIANO,87403,UJ2
GOIÂNIA,GABINETE DESA. MÔNICA CÉZAR MORENO SENHORELO,87404,UJ2
GOIÂNIA,GABINETE DES. WILD AFONSO OGAWA,87405,UJ2
GOIÂNIA,GABINETE DES. ALGOMIRO CARVALHO NETO,87406,UJ2
GOIÂNIA,GABINETE DES. FERNANDO DE MELLO XAVIER,87407,UJ2
GOIÂNIA,GABINETE DES. ALEXANDRE DE MORAIS KAFURI,87408,UJ2
GOIÂNIA,GABINETE DES. ALTAIR GUERRA DA COSTA,87409,UJ2
GOIÂNIA,GABINETE DES. WILLIAM COSTA MELLO,87410,UJ2
GOIÂNIA,8ª CÂMARA CÍVEL,87415,UJ2
GOIÂNIA,9ª CÂMARA CÍVEL,87416,UJ2
GOIÂNIA,10ª CÂMARA CÍVEL,87417,UJ2
GOIÂNIA,11ª CÂMARA CÍVEL,87418,UJ2
GOIÂNIA,4ª CÂMARA CRIMINAL,87419,UJ2
GOIÂNIA,3ª SEÇÃO CÍVEL,87420,UJ2
RIO VERDE,2ª UNIDADE DE PROCESSAMENTO JURISDICIONAL (UPJ) DAS VARAS CÍVEIS,87585,UJ1
GOIÂNIA,GABINETE DES. DONIZETE MARTINS DE OLIVEIRA,87595,UJ2
GOIÂNIA,GABINETE DES. HEBER CARLOS DE OLIVEIRA,87781,UJ2
GOIÂNIA,PRESIDÊNCIA DO TRIBUNAL DE JUSTIÇA,87840,UJ2
GOIÂNIA,1ª VICE-PRESIDÊNCIA DO TRIBUNAL DE JUSTIÇA,87841,UJ2
GOIÂNIA,SECRETARIA GERAL DA PRESIDENCIA,87904,AADJ
APARECIDA DE GOIÂNIA,1º CEJUSC REGIONAL VIRTUAL DO INTERIOR,87908,UJ1
TRINDADE,2º CEJUSC REGIONAL VIRTUAL DO INTERIOR,87909,UJ1
JANDAIA,3º CEJUSC REGIONAL VIRTUAL DO INTERIOR,87910,UJ1
ANÁPOLIS,1º CEJUSC VIRTUAL DO EXECUTIVO FISCAL,87911,UJ1
ÁGUAS LINDAS DE GOIÁS,"1ª VARA CÍVEL, FAMÍLIA E SUCESSÕES E DA INFÂNCIA E DA JUVENTUDE",87915,UJ1
APARECIDA DE GOIÂNIA,UNIDADE DE PROCESSAMENTO JURISDICIONAL DOS JUIZADOS DE VIOLÊNCIA DOMÉSTICA E FAMILIAR CONTRA A MULHER,87962,UJ1
VALPARAÍSO DE GOIÁS,3ª  VARA DE FAMÍLIA E SUCESSÕES E DAS FAZENDAS PÚBLICAS,87966,UJ1
GOIÂNIA,CENTRAL ESTADUAL DE CONCILIAÇÃO PRÉ-PROCESSUAL,88108,UJ1
SÃO LUÍS DE MONTES BELOS,VARA CÍVEL E JUIZADO ESPECIAL CÍVEL,88136,UJ1
SÃO LUÍS DE MONTES BELOS,"VARA DAS FAZENDAS PÚBLICAS E REGISTROS PÚBLICOS, FAMÍLIA E SUCESSÕES E DE INFÂNCIA E DA JUVENTUDE",88137,UJ1
SÃO LUÍS DE MONTES BELOS,"VARA CRIMINAL (CRIME EM GERAL, CRIMES DOLOSOS CONTRA A VIDA E PRES. DO TRIB. DO JÚRI - EXECUÇÃO PENAL) E JUIZADO CRIMINAL",88138,UJ1
INHUMAS,"VARA CÍVEL, INFÂNCIA E JUVENTUDE E JUIZADO ESPECIAL CÍVEL",88139,UJ1
INHUMAS,VARA DAS FAZENDAS PÚBLICAS E REGISTROS PÚBLICOS E FAMÍLIA E SUCESSÕES,88140,UJ1
INHUMAS,"VARA CRIMINAL (CRIME EM GERAL, CRIMES DOLOSOS CONTRA A VIDA E PRES. DO TRIB. DO JÚRI - EXECUÇÃO PENAL) E JUIZADO ESPECIAL CRIMINAL",88141,UJ1
ANÁPOLIS,4º CEJUSC REGIONAL VIRTUAL DO INTERIOR,88215,UJ1
ITUMBIARA,5º CEJUSC REGIONAL VIRTUAL DO INTERIOR,88216,UJ1
JATAÍ,6º CEJUSC REGIONAL VIRTUAL DO INTERIOR,88217,UJ1
CATALÃO,1ª UNIDADE DE PROCESSAMENTO JURISDICIONAL (UPJ) DOS JUIZADOS ESPECIAIS CÍVEIS,88246,UJ1
CATALÃO,1ª UNIDADE DE PROCESSAMENTO JURISDICIONAL (UPJ) DOS JUIZADOS ESPECIAIS CRIMINAIS,88247,UJ1
CATALÃO,UNIDADE DE PROCESSAMENTO JURISDICIONAL (UPJ) DAS VARAS CÍVEIS,88251,UJ1
GOIÂNIA,GABINETE DESA. ROZANA FERNANDES CAMAPUM,88276,UJ2
GOIÂNIA,1ª VARA DAS GARANTIAS,88277,UJ1
GOIÂNIA,2ª VARA DAS GARANTIAS,88278,UJ1
RIO VERDE,7º CEJUSC REGIONAL VIRTUAL DO INTERIOR,88291,UJ1
FORMOSA,8º CEJUSC REGIONAL VIRTUAL DO INTERIOR,88293,UJ1
CIDADE OCIDENTAL,9º CEJUSC REGIONAL VIRTUAL DO INTERIOR,88294,UJ1
GOIANIRA,VARA CÍVEL,88358,UJ1
GOIANIRA,"VARA FAMÍLIA E SUCESSÕES, DA INFÂNCIA E DA JUVENTUDE, FAZENDAS PÚBLICAS E DE REGISTROS PÚBLICOS",88359,UJ1
GOIÂNIA,DIRETORIA FINANCEIRA,88366,AADJ
GOIÂNIA,NÚCLEO DA JUSTIÇA 4.0 - FINALIZAR,88409,UJ1
GOIÂNIA,UPJ DAS VARAS CRIMINAIS DOS CRIMES DOLOSOS CONTRA A VIDA E TRIBUNAL DO JÚRI,88505,UJ1
GOIÂNIA,GABINETE DESA. SIRLEI MARTINS DA COSTA,88591,UJ2
ANÁPOLIS,UNIDADE DE PROCESSAMENTO JURISDICIONAL (UPJ) DAS VARAS CÍVEIS,88672,UJ1
ANÁPOLIS,UNIDADE DE PROCESSAMENTO JURISDICIONAL (UPJ) DAS VARAS DE FAMÍLIA E SUCESSÕES,88673,UJ1
ANÁPOLIS,UNIDADE DE PROCESSAMENTO JURISDICIONAL (UPJ) DAS VARAS CRIMINAIS,88674,UJ1
GOIÂNIA,GABINETE DES. ALEXANDRE BIZZOTTO,88702,UJ2
GOIÂNIA,GABINETE DE JUIZ SUBSTITUTO EM 2º GRAU DR. ANTONIO CEZAR PEREIRA MENEZES,88703,UJ2
GOIÂNIA,GABINETE DE JUIZ SUBSTITUTO EM 2º GRAU DR. CLAUBER COSTA ABREU,88704,UJ2
GOIÂNIA,GABINETE DE JUIZ SUBSTITUTO EM 2º GRAU DR. DENIVAL FRANCISCO DA SILVA,88705,UJ2
GOIÂNIA,GABINETE DE JUIZ SUBSTITUTO EM 2º GRAU DR. DESCLIEUX FERREIRA DA SILVA JUNIOR,88706,UJ2
GOIÂNIA,GABINETE DE JUIZ SUBSTITUTO EM 2º GRAU DR. DIORAN JACOBINA RODRIGUES,88707,UJ2
GOIÂNIA,GABINETE DE JUIZ SUBSTITUTO EM 2º GRAU DR. GILMAR LUIZ COELHO,88708,UJ2
GOIÂNIA,GABINETE DE JUIZ SUBSTITUTO EM 2º GRAU DR. GUSTAVO DALUL FARIA,88709,UJ2
GOIÂNIA,GABINETE DE JUIZ SUBSTITUTO EM 2º GRAU DR. HAMILTON GOMES CARNEIRO,88710,UJ2
GOIÂNIA,GABINETE DE JUIZ SUBSTITUTO EM 2º GRAU DRA. IARA MARCIA FRANZONI DE LIMA COSTA,88711,UJ2
GOIÂNIA,GABINETE DE JUIZ SUBSTITUTO EM 2º GRAU DRA. LILIANA BITTENCOURT,88712,UJ2
GOIÂNIA,GABINETE DE JUIZ SUBSTITUTO EM 2º GRAU DRA. MARIA ANTONIA DE FARIA,88713,UJ2
GOIÂNIA,GABINETE DE JUIZ SUBSTITUTO EM 2º GRAU DRA. MARIA CRISTINA COSTA MORGADO,88714,UJ2
GOIÂNIA,GABINETE DE JUIZ SUBSTITUTO EM 2º GRAU DR. PERICLES DI MONTEZUMA CASTRO MOURA,88716,UJ2
GOIÂNIA,GABINETE DE JUIZ SUBSTITUTO EM 2º GRAU DR. RICARDO LUIZ NICOLI,88717,UJ2
GOIÂNIA,GABINETE DE JUIZ SUBSTITUTO EM 2º GRAU DR. RICARDO PRATA,88718,UJ2
GOIÂNIA,GABINETE DE JUIZ SUBSTITUTO EM 2º GRAU DR. RICARDO SILVEIRA DOURADO,88719,UJ2
GOIÂNIA,GABINETE DE JUIZ SUBSTITUTO EM 2º GRAU DR. RICARDO TEIXEIRA LEMOS,88720,UJ2
GOIÂNIA,GABINETE DE JUIZ SUBSTITUTO EM 2º GRAU DR. ROGERIO CARVALHO PINHEIRO,88722,UJ2
GOIÂNIA,GABINETE DE JUIZ SUBSTITUTO EM 2º GRAU DR. SEBASTIAO JOSE DE ASSIS NETO,88723,UJ2
GOIÂNIA,GABINETE DE JUIZ SUBSTITUTO EM 2º GRAU DRA. STEFANE FIUZA CANÇADO MACHADO,88724,UJ2
GOIÂNIA,GABINETE DE JUIZ SUBSTITUTO EM 2º GRAU DRA. TELMA APARECIDA ALVES,88725,UJ2
GOIÂNIA,GABINETE DE JUIZ SUBSTITUTO EM 2º GRAU DRA. VIVIANE SILVA DE MOARES AZEVEDO,88726,UJ2
LUZIÂNIA,10º CEJUSC REGIONAL VIRTUAL DO INTERIOR,88730,UJ1
GOIÁS,11º CEJUSC REGIONAL VIRTUAL DO INTERIOR,88731,UJ1
CALDAS NOVAS,12º CEJUSC REGIONAL VIRTUAL DO INTERIOR,88732,UJ1
GOIÂNIA,GABINETE DES. FERNANDO RIBEIRO MONTEFUSCO,88733,UJ2
GOIÂNIA,UNIDADE DE PROCESSAMENTO JURISDICIONAL (UPJ) DAS VARAS DAS GARANTIAS,88761,UJ1
GOIÂNIA,UNIDADE DE PROCESSAMENTO JURISDICIONAL (UPJ) DOS JUIZADOS DE VIOLÊNCIA DOMÉSTICA E FAMILIAR CONTRA A MULHER,88762,UJ1
GOIÂNIA,15º CENTRO JUDICIÁRIO DE SOLUÇÃO DE CONFLITOS E CIDADANIA,88781,UJ1
GOIÂNIA,CENTRO JUDICIÁRIO DE SOLUÇÃO DE CONFLITOS E CIDADANIA - CEJUSC FUNDIÁRIO,88939,UJ1
GOIÂNIA,CÂMARA PRIVADA DE CONCILIAÇÃO E MEDIAÇÃO,89150,AADJ
APARECIDA DE GOIÂNIA,"UPJ JUIZADOS ESPECIAIS CÍVEIS 1º, 2º E 3º",89641,UJ1
GOIÂNIA,CENTRAL DE CUMPRIMENTO DE SENTENÇA CÍVEL,89658,UJ1
CATALÃO,13º CEJUSC REGIONAL VIRTUAL DO INTERIOR,89659,UJ1
PIRENÓPOLIS,14º CEJUSC REGIONAL VIRTUAL DO INTERIOR,89660,UJ1
GOIÂNIA,1ª SEÇÃO CRIMINAL,89661,UJ2
GOIÂNIA,2ª SEÇÃO CRIMINAL,89662,UJ2
GOIÂNIA,GABINETE DE JUIZ SUBSTITUTO EM 2º GRAU DRA. SANDRA REGINA TEIXEIRA CAMPOS,89663,UJ2
GOIÂNIA,NÚCLEO DE APOIO TÉCNICO DO JUDICIÁRIO (NAT-JUS),89664,AADJ
PORANGATU,15º CEJUSC REGIONAL VIRTUAL DO INTERIOR,89665,UJ1
GOIÂNIA,GABINETE DA CENTRAL DE CUMPRIMENTO DE SENTENÇA CÍVEL - JUIZ 1,89696,UJ1
GOIÂNIA,GABINETE DA CENTRAL DE CUMPRIMENTO DE SENTENÇA CÍVEL - JUIZ 2,89697,UJ1
GOIÂNIA,GABINETE DA CENTRAL DE CUMPRIMENTO DE SENTENÇA CÍVEL - JUIZ 3,89698,UJ1
GOIÂNIA,GABINETE DES. OSCAR SÁ NETO,89736,UJ2
VALPARAÍSO DE GOIÁS,"4ª VARA CÍVEL, FAMÍLIA E SUCESSÕES",89847,UJ1
GOIÂNIA,8ª VARA DA FAZENDA PÚBLICA ESTADUAL,89848,UJ1
GOIÂNIA,GABINETE DE PRECATÓRIO DA PRESIDÊNCIA,89878,AADJ
GOIÂNIA,DEPARTAMENTO DE PRECATÓRIOS,89879,AADJ
GOIÂNIA,NÚCLEO DE JUSTIÇA 4.0 EM SEGUNDO GRAU - EXECUTIVO FISCAL MUNICIPAL,90404,UJ2
VALPARAÍSO DE GOIÁS,1ª UNIDADE DE PROCESSAMENTO JURISDICIONAL (UPJ) DAS VARAS DE FAMÍLIA E SUCESSÕES,90429,UJ1
VALPARAÍSO DE GOIÁS,1ª UNIDADE DE PROCESSAMENTO JURISDICIONAL (UPJ) DAS VARAS CÍVEIS,90449,UJ1
VALPARAÍSO DE GOIÁS,"1ª UNIDADE DE PROCESSAMENTO JURISDICIONAL (UPJ) DAS VARAS DE FAZENDAS PÚBLICAS, REGISTROS PÚBLICOS E AMBIENTAL E JUIZADOS DAS FAZENDAS PÚBLICAS",90450,UJ1
GOIÂNIA,CORREGEDORIA-GERAL DA JUSTIÇA,90475,AADJ
GOIÂNIA,1º CEJUSC DOS PARCEIROS,90488,UJ1
GOIÂNIA,2º CEJUSC DOS PARCEIROS,90489,UJ1
GOIÂNIA,3º CEJUSC DOS PARCEIROS,90490,UJ1
RIO VERDE,UNIDADE DE PROCESSAMENTO JURISDICIONAL (UPJ) DAS VARAS CRIMINAIS,90496,UJ1
GOIÂNIA,GAB. DR. ANTÔNIO CÉZAR PEREIRA MENESES - NÚCLEO 4.0 - 2º GRAU - EXEC. FISCAL MUNICIPAL,90497,UJ2
GOIÂNIA,GAB. DR. RICARDO PRATA - NÚCLEO 4.0 - 2º GRAU - EXEC. FISCAL MUNICIPAL,90498,UJ2
GOIÂNIA,GAB. DRª VIVIANE SILVA DE MORAES AZEVEDO - NÚCLEO 4.0 - 2º GRAU - EXEC. FISCAL MUNICIPAL,90499,UJ2
GOIÂNIA,GAB. DR. PÉRICLES DI MONTEZUMA - NÚCLEO 4.0 - 2º GRAU - EXEC. FISCAL MUNICIPAL,90500,UJ2
GOIÂNIA,UJS DAS VARAS DA FAZENDA PÚBLICA MUNICIPAL E ESTADUAL - EXECUÇÃO FISCAL 1ª E 5ª,90575,UJ1
GOIÂNIA,UJS DAS VARAS DA FAZENDA PÚBLICA MUNICIPAL E ESTADUAL - EXECUÇÃO FISCAL 3ª,90576,UJ1
TRINDADE,UNIDADE DE PROCESSAMENTO JURISDICIONAL (UPJ) DAS VARAS CRIMINAIS,90577,UJ1
GOIÂNIA,OUVIDORIA DO PODER JUDICIÁRIO,90595,AADJ
GOIÂNIA,CORREGEDORIA DO FORO EXTRAJUDICIAL,90596,AADJ
GOIÂNIA,2ª VICE-PRESIDÊNCIA DO TRIBUNAL DE JUSTIÇA,90597,UJ2
GOIÂNIA,GABINETE DESA. ZILMENE GOMIDE DA SILVA,90607,UJ2
GOIÂNIA,DEPOSITO PUBLICO – GOIANIA,90609,AADJ
GOIÂNIA,CENTRAL DE MANDADOS ESTADUAL,91092,AADJ
GOIÂNIA,DIRETORIA JUDICIÁRIA,91093,AADJ
GOIÂNIA,DIRETORIA DE GESTÃO DE PESSOAS,91291,AADJ
GOIÂNIA,GABINETE DESA. ROBERTA NASSER LEONE,91364,UJ2
GOIÂNIA,GABINETE DES. MURILO VIEIRA DE FARIA,91365,UJ2